seller_id,count_customers
6560211a19b47992c3666cc44a7e94c0,1817
4a3ca9315b744ce9f8e9374361493884,1790
cc419e0650a3c5ba77189a1882b7556a,1648
1f50f920176fa81dab994f9023523100,1387
955fee9216a65b617aa5c0531780ce60,1281
da8622b14eb17ae2831f4ac5b9dab84a,1275
7a67c85e85bb2ce8582c35f2203ad736,1154
ea8482cd71df3c1969d7b9473ff13abc,1132
4869f7a5dfa277a7dca6462dcf3b52b2,1123
3d871de0142ce09b7081e2b9d1733cb1,1070
7c67e1448b00f6e969d365cea6b010ab,971
8b321bb669392f5163d04c59e235e066,938
1025f0e2d44d7041d6cf58b6550e0bfa,899
620c87c171fb2a6dd6e8bb4dec959fc6,720
a1043bafd471dff536d0c462352beb48,711
cca3071e3e9bb7d12640c9fbe2301306,699
f8db351d8c4c4c22c6835c19a46f01b0,663
e9779976487b77c6d4ac45f75ec7afe9,643
fa1c13f2614d7b5c4749cbc52fecda94,581
7d13fca15225358621be4086e1eb0964,564
128639473a139ac0f3e5f5ade55873a5,532
391fc6631aebcf3004804e51b40bcf1e,523
46dc3b2cc0980fb8ec44634e21d2718e,518
d2374cbcbb3ca4ab1086534108cc3ab7,508
85d9eb9ddc5d00ca9336a2219c97bb13,506
d91fb3b7d041e83b64a00a3edfb37e4f,491
53e4c6e0f4312d4d2107a8c9cddf45cd,462
1835b56ce799e6a4dc4eddc053f04066,421
4e922959ae960d389249c378d1c939f5,419
1900267e848ceeba8fa32d80c1a5f5a8,403
dbc22125167c298ef99da25668e1011f,401
16090f2ca825584b5a147ab24aa30c86,400
9f505651f4a6abe901a56cdc21508025,394
2138ccb85b11a4ec1e37afbd1c8eda1f,390
06a2c3af7b3aee5d69171b0e14f0ee87,388
8160255418d5aaa7dbdc9f4c64ebda44,383
218d46b86c1881d022bce9c68a7d4b15,378
8581055ce74af1daba164fdbd55a40de,376
4d6d651bd7684af3fffabd5f08d12e5a,355
c826c40d7b19f62a09e2d7c5e7295ee2,354
53243585a1d6dc2643021fd1853d8905,349
92eb0f42c21942b6552362b9b114707d,339
de722cd6dad950a92b7d4f82673f8833,338
7299e27ed73d2ad986de7f7c77d919fa,335
b2ba3715d723d245138f291a6fe42594,332
7e93a43ef30c4f03f38b393420bc753a,332
7ddcbb64b5bc1ef36ca8c151f6ec77df,331
ef506c96320abeedfb894c34db06f478,322
5dceca129747e92ff8ef7a997dc4f8ca,320
7142540dd4c91e2237acb7e911c4eba2,316
77530e9772f57a62c906e1c21538ab82,315
70a12e78e608ac31179aea7f8422044b,314
897060da8b9a21f655304d50fd935913,312
855668e0971d4dfd7bef1b6a4133b41b,307
87142160b41353c4e5fca2360caf6f92,302
fa40cc5b934574b62717c68f3d678b6d,301
fe2032dab1a61af8794248c8196565c9,293
37be5a7c751166fbc5f8ccba4119e043,268
c3cfdc648177fdbbbb35635a37472c53,266
634964b17796e64304cadf1ad3050fb7,261
4c2b230173bb36f9b240f2b8ac11786e,256
562fc2f2c2863ab7e79a9e4388a58a14,256
1da3aeb70d7989d1e6d9b0e887f97c23,255
c70c1b0d8ca86052f45a432a38b73958,253
17e34d8224d27a541263c4c64b11a56b,252
a3a38f4affed601eb87a97788c949667,252
1554a68530182680ad5c8b042c3ab563,243
88460e8ebdecbfecb5f9601833981930,241
c3867b4666c7d76867627c2f7fb22e21,238
0241d4d5d36f10f80c644447315af0bd,235
dc4a0fc896dc34b0d5bfec8438291c80,230
37515688008a7a40ac93e3b2e4ab203f,228
0ea22c1cfbdc755f86b9b54b39c16043,221
f7ba60f8c3f99e7ee4042fdef03b70c4,219
4b9750c8ad28220fe6702d4ecb7c898f,217
e5a3438891c0bfdb9394643f95273d8e,216
7aa4334be125fcdd2ba64b3180029f14,214
d1c281d3ae149232351cd8c8cc885f0d,212
e9bc59e7b60fc3063eb2290deda4cced,212
8d956fec2e4337affcb520f56fd8cbfd,210
7040e82f899a04d1b434b795a43b4617,209
4830e40640734fc1c52cd21127c341d4,208
6edacfd9f9074789dad6d62ba7950b9c,207
cab85505710c7cb9b720bceb52b01cee,204
7178f9f4dd81dcef02f62acdf8151e01,203
2eb70248d66e0e3ef83659f71b244378,201
e26901d5ab434ce92fd9b5c256820a4e,200
001cca7ae9ae17fb1caed9dfb1094831,200
1c129092bf23f28a5930387c980c0dfc,200
ceaec5548eefc6e23e6607c5435102e7,199
54a1852d1b8f10312c55e906355666ee,197
c003204e1ab016dfa150abc119207b24,197
41b39e28db005d9731d9d485a83b4c38,191
f262cbc1c910c83959f849465454ddd3,190
f457c46070d02cadd8a68551231220dd,190
850f4f8af5ea87287ac68de36e29107f,187
f45122a9ab94eb4f3f8953578bc0c560,186
ccc4bbb5f32a6ab2b7066a4130f114e3,186
0c8380b62e38e8a1e6adbeba7eb9688c,180
86ccac0b835037332a596a33b6949ee1,178
813348c996469b40f2e028d5429d3495,178
7d76b645482be4a332374e8223836592,176
95e03ca3d4146e4011985981aeb959b9,174
9b013e03b2ab786505a1d3b5c0756754,173
522620dcb18a6b31cd7bdf73665113a9,173
5656537e588803a555b8eb41f07a944b,173
1a3df491d1c4f1589fc2b934ada68bf2,167
6d66611d7c44cc30ce351abc49a68421,165
d98eec89afa3380e14463da2aabaea72,165
edb1ef5e36e0c8cd84eb3c9b003e486d,164
2e1c9f22be269ef4643f826c9e650a52,164
cbd996ad3c1b7dc71fd0e5f5df9087e2,164
0b90b6df587eb83608a64ea8b390cf07,163
669ae81880e08f269a64487cfb287169,161
2528513dd95219a6013d4d05176e391a,160
2a84855fd20af891be03bc5924d2b453,160
0dd184061fb0eaa7ca37932c68ab91c5,160
b76dba6c951ab00dc4edf0a1aa88037e,159
537eb890efff034a88679788b647c564,159
de23c3b98a88888289c6f5cc1209054a,159
0be8ff43f22e456b4e0371b2245e4d01,157
004c9cd9d87a3c30c522c48c4fc07416,157
a416b6a846a11724393025641d4edd5e,156
213b25e6f54661939f11710a6fddb871,155
9c0e69c7bf2619675bbadf47b43f655a,155
36a968b544695394e4e9d7572688598f,153
b33e7c55446eabf8fe1a42d037ac7d6d,152
25c5c91f63607446a97b143d2d535d31,152
66922902710d126a0e7d26b0e3805106,151
8f2ce03f928b567e3d56181ae20ae952,151
5cf13accae3222c70a9cac40818ae839,149
b499c00f28f4b7069ff6550af8c1348a,149
6cd68b3ed6d59aaa9fece558ad360c0a,149
7ad32824caee82087b3e2e5f33b1bf32,149
7e1fb0a3ebfb01ffb3a7dae98bf3238d,147
cfb1a033743668a192316f3c6d1d2671,146
44073f8b7e41514de3b7815dd0237f4f,144
b4ffb71f0cb1b1c3d63fad021ecf93e1,142
8b28d096634035667e8263d57ba3368c,141
3c7c4a49ec3c6550809089c6a2ca9370,140
1c68394e931a64f90ea236c5ea590300,138
48436dade18ac8b2bce089ec2a041202,138
259f7b5e6e482c230e5bfaa670b6bb8f,138
5a8e7d5003a1f221f9e1d6e411de7c23,137
79ebd9a61bac3eaf882805ed4ecfa12a,135
0bae85eb84b9fb3bd773911e89288d54,135
db4350fd57ae30082dec7acbaacc17f9,135
ce27a3cc3c8cc1ea79d11e561e9bebb6,135
00ee68308b45bc5e2660cd833c3f81cc,134
12b9676b00f60f3b700e83af21824c0e,134
710e3548e02bc1d2831dfc4f1b5b14d4,134
7722b1df1b0e383e000397b2c11e3e19,133
0db783cfcd3b73998abc6e10e59a102f,132
a3e9a2c700480d9bb01fba070ba80a0e,130
e9d99831abad74458942f21e16f33f92,130
01fdefa7697d26ad920e9e0346d4bd1b,129
ef0ace09169ac090589d85746e3e036f,129
aafe36600ce604f205b86b5084d3d767,129
8a32e327fe2c1b3511609d81aaf9f042,128
c9c7905cffc4ef9ff9f113554423e671,127
a673821011d0cec28146ea42f5ab767f,126
7008613ea464bad5cb9b83456e1e6a8f,126
6a8b085f816a1f75f92dbac6eb545f8f,126
59fb871bf6f4522a87ba567b42dafecf,126
59b22a78efb79a4797979612b885db36,125
2c9e548be18521d1c43cde1c582c6de8,125
cd68562d3f44870c08922d380acae552,124
2e90cb1677d35cfe24eef47d441b7c87,124
76d5af76d0271110f9af36c92573f765,124
17a053fcb14bd219540cbde0df490be0,124
080102cd0a76b09e0dcf55fcacc60e05,123
1e8b33f18b4f7598d87f5cbee2282cc2,123
dd7ddc04e1b6c2c614352b383efe2d36,122
c31eff8334d6b3047ed34bebd4d62c36,122
e5a38146df062edaf55c38afa99e42dc,121
18a349e75d307f4b4cc646a691ed4216,118
229c3efbfb0ea2058de4ccdfbc3d784a,118
bfd27a966d91cfaafdb25d076585f0da,117
f80edd2c5aaa505cc4b0a3b219abf4b8,117
431af27f296bc6519d890aa5a05fdb11,117
17ca9b9e9b9ef8fdb529001b49ebb50f,116
640e21a7d01df7614a3b4923e990d40c,115
fc906263ca5083d09dce42fe02247800,114
f5a590cf36251cf1162ea35bef76fe84,114
c33847515fa6305ce6feb1e818569f13,114
1b4c3a6f53068f0b6944d2d005c9fc89,113
1ca7077d890b907f89be8c954a02686a,113
6c7d50c24b3ccd2fd83b44d8bb34e073,113
1127b7f2594683f2510f1c2c834a486b,110
f4aba7c0bca51484c30ab7bdc34bcdd1,110
289cdb325fb7e7f891c38608bf9e0962,109
8c16d1f32a54d92897cc437244442e1b,108
febab0275244b9a49a623f0bd613ca2f,108
dbb9b48c841a0e39e21f98e1a6b2ec3e,108
25e6ffe976bd75618accfe16cefcbd0d,107
70eea00b476a314817cefde4aad4f89a,107
b1fc4f64df5a0e8b6913ab38803c57a9,107
612170e34b97004b3ba37eae81836b4c,107
0adac9fbd9a2b63cccaac4f8756c1ca8,107
dd2bdf855a9172734fbc3744021ae9b9,105
33a6f4b1e7cdc205511e76ba1b6e0186,104
3b15288545f8928d3e65a8f949a28291,104
aaed1309374718fdd995ee4c58c9dfcd,103
ac3508719a1d8f5b7614b798f70af136,103
42b729f859728f5079499127a9c2ef37,102
00fc707aaaad2d31347cf883cd2dfe10,102
8e6cc767478edae941d9bd9eb778d77a,101
4371b634e0efc0e22b09b52907d9d469,100
b2479f944e1b90cf8a5de1bbfde284d6,100
d94a40fd42351c259927028d163af842,100
282f23a9769b2690c5dda22e316f9941,99
9d4db00d65d7760644ac0c14edb5fd86,98
aac29b1b99776be73c3049939652091d,98
a49928bcdf77c55c6d6e05e09a9b4ca5,98
5c243662ce92d84573bfaff24c3e3700,98
80e6699fe29150b372a0c8a1ebf7dcc8,98
7ea5bfa6c340f58f8e71fc1f0412b0d6,98
ececbfcff9804a2d6b40f589df8eef2b,97
729f06993dac8e860d4f02d7088ca48a,96
530ec6109d11eaaf87999465c6afee01,96
8a432f4e5b471f8da497d7dc517666e2,95
04308b1ee57b6625f47df1d56f00eedf,94
5d0363b33554b373851fc1622e4d5f3c,94
ff063b022a9a0aab91bad2c9088760b7,94
8444e55c1f13cd5c179851e5ca5ebd00,94
8648b1e89e9b349e32d3741b30ec737e,93
3db66a856d18a9cba7c9241fc5221c50,93
440dd6ab244315c632130ecfb63827b1,93
7b07b3c7487f0ea825fc6df75abd658b,92
7e3f87d16fb353f408d467e74fbd8014,92
dee656f0f566ed1aa85bd137c943f08f,92
9616352088dcf83a7c06637f4ebf1c80,92
06e5eefc71ec47ae763c5c6f8db7064f,92
d6b1ce66b035a475f00c017792ff9769,92
f27e33c6d29b5138fa9967bcd445b6d5,92
891071be6ba827b591264c90c2ae8a63,91
f84fa566034f5e8e880a07ec624c56af,91
6973a06f484aacf400ece213dbf3d946,91
1d8dbc4f32378d715c717c1c1fc57bae,91
98dac6635aee4995d501a3972e047414,91
827f8f69dfa529c561901c4f2e0f332f,91
f84a00e60c73a49e7e851c9bdca3a5bb,90
527801b552d0077ffd170872eb49683b,89
bd23da7354813347129d751591d1a6e2,88
2ff97219cb8622eaf3cd89b7d9c09824,88
725c32fa80c2faacc4fc88450d27314e,88
0509040ea3fe50071181bbc359eb7738,88
900ba814c251a692506d7834c1218441,88
d20b021d3efdf267a402c402a48ea64b,88
adbc26658d6c7b4b6219f9d934598091,88
609e1a9a6c2539919b8205cf7c4e6ff0,87
e8b3a3a38279a82f0e5d006d5e5b7d2c,87
bd0389da23d89b726abf911cccc54596,87
f3b80352b986ab4d1057a4b724be19d0,86
8e6d7754bc7e0f22c96d255ebda59eba,85
b561927807645834b59ef0d16ba55a24,85
dbd66278cbfe1aa1000f90a217ca4695,84
0df3984f9dfb3d49ac6366acbd3bbb85,84
ba143b05f0110f0dc71ad71b4466ce92,84
ebd2d60905fb58271facef5596b620d3,84
0432ead42b6c8a0bdf68154add917fdf,83
688756f717c462a206ad854c5027a64a,83
f46490624488d3ff7ce78613913a7711,83
c8b0e2b0a7095e5d8219575d5e7e1181,83
b14db04aa7881970e83ffa9426897925,83
8bb48dc19fccaa8613b6229bf7f452a2,82
4e7c18b98d84e05cbae3ff0ff03846c2,82
972d0f9cf61b499a4812cf0bfa3ad3c4,82
eeb6de78f79159600292e314a77cbd18,82
3be634553519fb6536a03e1358e9fdc7,82
aba1721a889e04decc910aa13b768ef4,81
9674754b5a0cb32b638cec001178f799,80
1bb2bdb95f4841f1bba2c0d2cd83d3c9,80
744dac408745240a2c2528fb1b6028f3,79
080199a181c46c657dc5aa235411be3b,79
712e6ed8aa4aa1fa65dab41fed5737e4,79
d673a59aac7a70d8b01e6902bf090a11,79
f3da5b2ff499efb8d4a6d371d175d7dd,79
1f9ab4708f3056ede07124aad39a2554,78
34056b8b55c1775a22af2331670a799c,78
ce7d1888639e6fb06b2749cbfdac1ff7,78
54965bbe3e4f07ae045b90b0b8541f52,78
dfa0c4c6229ab200a4a1336b4d7128ff,77
70c27847eca8195c983ed7e798c56743,77
d12c926d74ceff0a90a21184466ce161,77
d921b68bf747894be13a97ae52b0f386,77
516e7738bd8f735ac19a010ee5450d8d,76
6b243f80ed07b10f0e8aa0f21a205f3c,76
670c26e0f1bf8d0576271d5cfaec6d2b,76
11bfa66332777660bd0640ee84d47006,76
8f119a0aee85c0c8fc534629734e94fd,76
cac4c8e7b1ca6252d8f20b2fc1a2e4af,75
a7f13822ceb966b076af67121f87b063,75
701938c450705b8ae65fc923b70f35c7,74
d05ae8f7a5bd1d2a690a44cd079e4e27,74
966cb4760537b1404caedd472cc610a5,74
6860153b69cc696d5dcfe1cdaaafcf62,74
9e6229250fedbe05838fef417b74e7fb,74
81a1104df0f08b59c68aa5b03cfe398e,73
1336efc61c316ddf92c899eb817f7cae,73
9de4643a8dbde634fe55621059d92273,72
08633c14ef2db992c11f840f04fad4cd,72
30a2f535bb48308f991d0b9ad4a8c4bb,71
e59aa562b9f8076dd550fcddf0e73491,70
f7ccf836d21b2fb1de37564105216cc1,70
23613d49c3ac2bd302259e55c06c050c,69
9646c3513289980f17226a2fc4720dbd,69
fd386aa7bed2af3c7035c65506c9b4a3,69
d50d79cb34e38265a8649c383dcffd48,69
ca3bd7cd9f149df75950150d010fe4a2,69
5343d0649eca2a983820bfe93fc4d17e,69
cb8bcce248bb1fb274ba762d8b971456,68
94144541854e298c2d976cb893b81343,68
822166ed1e47908f7cfb49946d03c726,68
e333046ce6517bd8bb510291d44f0130,68
066a6914e1ebf3ea95a216c73a986b91,68
bbad7e518d7af88a0897397ffdca1979,68
6fd52c528dcb38be2eea044946b811f8,67
5f2684dab12e59f83bef73ae57724e45,67
9d5a9018aee56acb367ba9c3f05d1d6a,67
8cbac7e12637ed9cffa18c7875207478,67
a420f60ff1aa9acc80d0e42959f2b313,67
f0b47fbbc6dee9aafe415a6e33051b3f,67
d13e50eaa47b4cbe9eb81465865d8cfc,67
834f3294fba9f932f56edc879193f925,66
643214e62b870443ccbe55ab29a4dccf,66
d566c37fa119d5e66c4e9052e83ee4ea,65
8e8a7ce9f2f970dc00e2acf6f6e199f6,65
8ae520247981aa06bc94abddf5f46d34,65
056b4ada5bbc2c50cc7842547dda6b51,65
4a3ccda38b2129705f3fb522db62ca31,65
99eaacc9e6046db1c82b163c5f84869f,65
48162d548f5b1b11b9d29d1e01f75a61,65
1838dd9b8977065acf51d95e0053ea7a,64
951e8cef368f09bb3f3d03c00ca4702c,64
beadbee30901a7f61d031b6b686095ad,64
6039e27294dc75811c0d8a39069f52c0,64
96493fab2fbb13a14d0c0e8772eef5c3,63
5058e8c1e82653974541e83690655b4a,63
520b493b57809f446cb0a233bb3e25c7,63
76d64c4aca3a7baf218bf93ef7fa768d,63
91f848e9f4be368f4318775aac733370,63
4c18691b6037662be2df78a765d98ab5,63
5f1dc28029d2c244352a68107ec2b542,62
715bbd5ba4e6b74cb0d2f29eb45058b0,62
b92e3c8f9738272ff7c59e111e108d7c,62
57e632711dec9ec14ca7546769483e7e,62
cce6ab8d1682639fe45ab70234f1665f,62
a17f621c590ea0fab3d5d883e1630ec6,62
e62b2d6ac10570a035a30bafcf01d263,61
05d2173d43ea568aa0540eba70d2ca76,61
116ccb1a1604bc88e4d234a8c23f33de,61
ce248b21cb2adc36282ede306b7660e5,61
0c7533c71df861ec58ad7ff999ed0e8d,61
01cf7e3d21494c41fb86034f2e714fa1,61
4e17c65a516f69d023a2ae78b84f28d6,61
7a241947449cc45dbfda4f9d0798d9d0,61
75d34ebb1bd0bd7dde40dd507b8169c3,61
709e16e2b25c7474d980076c6bfc4806,60
058fd0aa2bfdb2274e05e1ae971dabb6,60
06579cb253ecd5a3a12a9e6eb6bf8f47,60
aced59e9b31ef866a94f9e7f29d8d418,60
d57e18d5f73c7ccb7f7339b61166898d,60
05f51e13da97139648b8125c31e5f51b,60
fcb5ace8bcc92f75707dc0f01a27d269,60
582d4f8675b945722eda7c0cb61ba4c7,59
fffd5413c0700ac820c7069d66d98c89,59
b6d44737c043328708f6749c2dbe50bd,59
d650b663c3b5f6fb392b6326366efa9a,59
c6bda72e4dbf5c5866b13cb1810c6d03,59
f7720c4fa8e3aba4546301ab80ea1f1b,59
05ff92fedb5be47920fea08e501238b9,58
c864036feaab8c1659f65ea4faebe1da,58
7681ef142fd2c19048da7430856b5588,58
5b925e1d006e9476d738aa200751b73b,58
b372ee768ed69e46ca8cdbd267aa7a38,57
4992e76a42cb3aad7a7047e0d3d7e729,57
3078096983cf766a32a06257648502d1,57
45d33f715e24d15a6ccf5c17b3a23e3c,57
376a891762bbdecbc02b4b6adec3fdda,57
3bdff180c7e1f6551a643b99c265a120,57
1b8356dabde1d35e17cef975c3f82730,56
6d803cb79cc31c41c4c789a75933b3c7,56
17f51e7198701186712e53a39c564617,56
8a130737016f838139d31878787a39c9,56
e882b2a25a10b9c057cc49695f222c19,56
062ce95fa2ad4dfaedfc79260130565f,55
6c177e38df6d3f34182b1f1d427231bf,55
7d456afc660226829370f3173d14520c,55
1eade46fba20122dc4aefb379f8c636b,55
fa1a9dec3a9940c072684a46728bf1fc,55
750303a20e9c56b2a6bc45cdce0b897d,54
e067ad2c1c0b48758eb1b5228bcf7a68,54
cc63f0dd2acba93ffed4fe9f8e0321fa,54
a5cba26a62b8b4d0145b68b841e62e7f,54
f214d28e8d8e3ef068748498ccc2f813,54
d9a84e1403de8da0c3aa531d6d108ba6,54
dc317f341ab0e22f39acbd9dbf9b4a1f,54
a888faf2d1baececa6baf9c3d603ee1f,54
2dee2ce60de9709b1a24083217181a1f,54
d9bd94811c3338dceb4181f3dbc0c73e,54
7202e2ba20579a9bd1acb29e61fe71f6,53
b17b679f4f5ce2e03ce6968c62648246,53
3504c0cb71d7fa48d967e0e4c94d59d9,53
3df020b72d3d44b3af9d110fa3940b65,53
2b3e4a2a3ea8e01938cabda2a3e5cc79,52
751bdc4d83a466c7206cd42e8f426b03,52
e24fc9fcd865784fb25705606fe3dfe7,52
2a7dc43cecabf23403078e2188437d1d,52
624f4ece8da4aafb77699233d480f8ef,52
2a1348e9addc1af5aaa619b1a3679d6b,51
002100f778ceb8431b7a1020ff7ab48f,51
95f83f51203c626648c875dd41874c7f,51
a6fe7de3d16f6149ffe280349a8535a0,51
0d85bbda9889ce1f7e63778d24f346eb,51
2a261b5b644fa05f4f2700eb93544f2c,50
318f287a62ab7ac10b703ac37435a231,50
048c2757535328e0d7dac690ad3c0aae,50
0b35c634521043bf4b47e21547b99ab5,50
abe42c5d03695b4257b5c6cbf4e6784e,50
165fc07beebdcb6190fba8a06db2a449,50
23d7c96d4a1160db1c726b248601b25a,50
602044f2c16190c2c6e45eb35c2e21cb,50
50c9975695009e5e6473912e83a6d1da,50
ea566164622c6b439516ab18062c42cd,50
09f952a5f58d2285b0372551ae8f9b01,50
138dbe45fc62f1e244378131a6801526,49
b1a81260566c1bac3114a6d124413f27,49
25cf099de44674fde97473224f9d59ab,49
729b2d09b2a0bdab221076327f13d050,49
4c03b9dd4c11ee2cb35c96c49efc9420,48
aae3bfea055532c57fb453ed3ec80b30,48
0ef83d7d83ed97cd2a0049ac8be5f88a,48
8b9d6eec4a7eb7d0f9d579ce0b38324d,48
db2956745b3a8e9f3785c99f34b5d25e,47
83e197e95a1bbabc8c75e883ed016c47,47
0691148aee60ca47977c187804f935ae,47
4c498c7345e89aebad651544829beca0,47
56642bcb79900e777d68e91915cb4267,47
2a5b78b41cd05baeac8df54c6606b92c,47
381c83fdca332ea6afd896da20bf6e4a,46
9b00ed88b7fdb95d6ff76e27c1b52d16,46
994f04b3718c2bab35c2adfa8afecd2a,46
382229d1e840115ffe3dbf5ff460e417,46
fdb9095204a334cd8872252ffec6f2db,46
3bb548e3cb7f70f28e3f11ee9dce0e59,46
81f89e42267213cb94da7ddc301651da,46
cb3dd9ce66268c7a3ca7241ac70ab58c,46
afe0067131b73e40875c9b6c10bd2e21,45
bccf933e006e9b94a6184af782963e77,45
b32be1695eb7ec5f10f72d9610a12527,45
6b90f847357d8981edd79a1eb1bf0acb,45
406822777a0b9eb5c50e442dd4cd3ec5,45
c66dccfb3f109511246da627dd5a2498,45
b8bc237ba3788b23da09c0f1f3a3288c,45
ff1fb4c404b2efe68b03350a8dc24122,45
abcd2cb37d46c2c8fb1bf071c859fc5b,45
c68fb906c8f4b4b946d8386bfa6e5467,45
ede0c03645598cdfc63ca8237acbe73d,45
903037660cf848a717166eb7a06d616e,45
432c37c9dfba871172ec162e20118b8c,45
efcd8d2104f1a05d028af7bad20d974b,44
02f623a8eb246f3c5f7c2f96462654e6,44
2d50d6282f8aa2257819a77bfaa0efe0,44
58f1a6197ed863543e0136bdedb3fce2,44
b18dc380845b24038cfc48006478f099,44
f680f85bee2d253556ac91be391d2c82,44
c9aafcd0621b2207c10e32c649cada4d,44
acce39e832338debb07b02385cde5967,44
b39d7fe263ef469605dbb32608aee0af,44
6f892e20a171e98efe17fdb971ff319b,44
b410bdd36d5db7a65dcd42b7ead933b8,44
870d0118f7a9d85960f29ad89d5d989a,43
a2e874074c877c5a05abae80ad6e488f,43
ad781527c93d00d89a11eecd9dcad7c1,43
99a54764c341d5dc80b4a8fac4eba3fb,43
0ed6ce5d87fd9c69eaacaeb778d67235,43
f789d2c4f2c2eb38fc4373e7a4b35264,43
1da366cade6d8276e7d8beea7af5d4bf,43
ef990a83bbea832f36ebe81376335aa8,43
835f0f7810c76831d6c7d24c7a646d4d,43
834f8533b2ecb6598dd004ff3de7203a,43
31344c16881c08a8a72c6d2eb29918c1,43
33a17d60c64393351ebf1ef860f4e0f2,43
3d8fa2f5b647373c8620330c4e077a9f,43
3f995f07c49d0d55a99d5c54957f7d81,43
cd06602b43d8800bd0afad514919d35c,43
4da0e408c99d2fdc2126dc9fce518060,43
5f3ae9136c875522250f8184f253413a,43
1d4587203296c8f4ad134dc286fa6db0,42
e0a366315b1b726b6c7832d664c0f530,42
9add47bf45ce8e8c7db6b9cf670b1e09,42
e63e8bfa530fb16910dd6956e592bb81,42
c60b801f2d52c7f7f91de00870882a75,41
dd533b429f380718b70ad9922c294bae,41
23c38debaffe4a25a30fdbd9b586a13f,41
c013e57c075a06e5b5c48ee03c525719,41
c847e075301870dd144a116762eaff9a,41
7dc8c42cc750eeafea6c85712ffee9bf,41
82e0a475a88cc9595229d8029273f045,41
43f8c9950d11ecd03a0304a49e010da6,41
3f3486b61f45078d4f31ee5e43d8c5bb,40
34d1ca11b242c0fee2c834ae8d788566,40
b56906f7fd1696e043f1bcce164c487b,40
d66c305afaec317ebee552073a674429,40
83deb69e889cf80f82be1dc6d5f2d486,40
20d83f3ef0e6925fd74bfd59170babf7,40
daeb5653dd96c1b11860f72209795012,40
1ce3ae5a399804d1a87e706f8a813c3e,40
2089a6d640999f9b9141ac719b2af596,40
6df688df543f90e9b38f4319e75a9d88,40
dc8798cbf453b7e0f98745e396cc5616,40
b1ac6ea7895bc3dd6f0f6f4abbdd2821,40
4559697a8f7e637227c2eeaed843baff,40
bacb1f0ed56ad24198f5810d2b3fe9a5,39
ad420dd0c4f92f8af951ac24b86d0cf5,39
d23019c84ffae2d5ef2270367b8605fc,39
0bf0150d5b9d60d9cd2906003332f085,39
55a5b51f93f2b70ea513f5a047b0262a,39
113e3a788b935f48aad63e1c41dac1bd,39
cee48807215b30a12ca2ca10ffb5f250,39
b94cc9f10ddc85e4ba73a6f7974e7101,39
d1b65fc7debc3361ea86b5f14c68d2e2,39
75fbb52eda0cbc24f479d3b2fbfa8d3e,38
96804ea39d96eb908e7c3afdb671bb9e,38
0176f73cc1195f367f7b32db1e5b3aa8,38
7f7b8245c336066a1f9933c359f11d77,38
ba90964cff9b9e0e6f32b23b82465f7b,38
0cbcee27c791afa0cdcb08587a2013a8,38
5b8154610ebb21fb90eb587365e673df,37
e2aee0892199b1d92530e371abd825bf,37
66dc1b1632bd6a3e508510c5b3492107,37
594f9aaa48e5bf431f011ddc5669b0d5,37
5a93f3ab0ef4c84ed5e1b5dbf23978bc,37
45ba18c210d42734ec52c0c1c574e9ee,37
14d7985702e72162bbf13b6beb74ab2b,37
3c03b12bab54d8b37d79d914bfdb1aa0,37
63b464dbf392c7b80d12d932fa7cafed,37
3fd1e727ba94cfe122d165e176ce7967,36
99002261c568a84cce14d43fcffb43ea,36
3ab971ce71839580d2ae5b4e40fe8044,36
bd4889b5e9133b35b66e42a8665cea5c,36
32b8764b4ef628b53608fc34011fcc13,36
325f3178fb58e2a9778334621eecdbf9,36
e8f6dc8e6a1dcde89d20e3995c8d90b3,36
6b3bd31ad8fcda4b2635ec9f3ff2ecdf,36
31561f325664a8a7aba4c8d0c3a9b3db,36
5cbbd5a299cab112b7bf23862255e43e,36
ec8879960bd2221d5c32f8e12f7da711,36
bf84056e679dbe9c69929847a40e338f,36
26d8a1c7c75d513045798992ead43aa2,36
f181738b150df1f37cb0bd72e705b193,36
240b9776d844d37535668549a396af32,36
bba74270a87732727b5a3b4fd9ac1c39,36
3586b8580d9c917874e053a1bb37b5ff,36
93dc87703c046b603023e75222018b45,35
11305281b50fff20ae8bb473f8e11876,35
65febd49fd28ec955651299159b1f527,35
6338ea67c41078a46ad99cc009654956,35
718539d38d07dd351c76db862760e2e2,35
6a0cbc8af2e8abd1bdfb777943d174c6,35
dd55f1bb788714a40e7954c3be6df745,35
b90e891671cffd9557f33a97dc523645,34
d5ba419e26d246a0719437cf37d9b46d,34
71039d19d4303bf9054d69e9a9236699,34
e96498ed8daaa3e9c23f7a62da76591c,34
bf3c6d2a28b2b5501e6c15448982dcc9,34
d3f39f05462b79a4562d35893a28f159,34
33ac3e28642ab8bda860a2f693000e78,34
e49c26c3edfa46d227d5121a6b6e4d37,34
a3dd39f583bc80bd8c5901c95878921e,34
5b179e9e8cc7ab6fd113a46ca584da81,34
cc5a78bbad32776dc4e3af205218368c,33
fde0cc9ea29c8ccfc0a2c22256a58c71,33
0ffa40d54288e4f3499b8780dd0f144f,33
974cf2cb8f4b7add98709c30df02fe10,33
232a6014e7b10cba61c6c2b2ea6bb4b0,33
dfc5fb7259bb2b599ca565e6e9448f0f,33
d93919c944be9cff128f6c9cb899eacb,33
b839e41795b7f3ad94cc2014a52f6796,33
8bd0f31cf0a614c658f6763bd02dea69,33
6fc26fe110feebd80a433e1f012a84f9,33
42bde9fef835393bb8a8849cb6b7f245,33
20cb7c2fde3e5bf10f0bbe7394e1c6a9,32
276677b5d08786d5dce7c2149dcce48b,32
5160d23075764e18e07c1f4a87fad743,32
ed4acab38528488b65a9a9c603ff024a,32
b4a476fbd28de64b1e347abf9089366a,32
3c4e0452bff7a2a788179488d3d77032,32
fad44952713764836814be105382aee5,32
5c6d4016c2a288f074fa0848a2b653d2,32
f62d7bb4a613ec758a03342d46b580b2,32
1caf283236cd69af44cbc09a0a1e7d32,32
9baf5cb77970f539089d09a38bcec5c3,32
7b0df942f46435babab05d49b744b2c4,32
b335c59ab742f751a85db9c411a86739,32
f67efa3f0b6761102a7f8c6b7b571f5d,31
72c5da29406b4234927b81855e7b64f6,31
78c99c6dff4eeae5be99bf635ed21e3f,31
6ec1a01e866584bb679eb9b098345919,31
33576ec5412fb5905d876f12f33bfde6,31
3340ef1913fb70d28420f6ceb685c339,31
e8b4225284fbb02d16f200513f1f395d,31
ea67327e24487bdfac5fbfa37ea124df,31
4917cee8d902e13428c3ec4b1ca6f315,31
2745f798279e0ed033addcc1474776d7,31
f00e21b1e91a79653163b7fd8f293ff1,31
850913d59ce317156b00f3705f1c3edb,31
01fd077212124329bac32490e8ef80d9,31
4e06067cc08b3f41d837768d392c3ee3,31
cd6efc47efaabf134f8bdb654e10b4f1,31
18e694e0e48ed6f7aa3f24aade5fd697,31
b74d1c09cb380e1d03a6f859c6f4224b,31
0ebd97a106433a45a4aebe57c1799778,31
070d165398b553f3b4b851c216b8a358,31
5d3bb11474a06bdc23fb9e89f1164ee0,31
c8b3445d737de6befde0c88ede534a5e,30
323ce52b5b81df2cd804b017b7f09aa7,30
6e386f64c84e482f0b9abf960797ee1b,30
02f5837340d7eb4f653d676c7256523a,30
1b938a7ec6ac5061a66a3766e0e75f90,30
66e0557ecc2b4dbea057e93f215f68d8,30
b2ac621f0d0322434d04a12b078b9369,30
40d54b51e962dbe09cabbcfd33298dee,30
3ade81dab5a172b88e1871c28ae05260,30
e38db885400cd35c71dfd162f2c1dbcf,30
2a6fbeaa7ab9e5d59a35841a8da71ce4,30
6481e96574816ead57975da2c0f6d80d,30
2bf6a2c1e71bbd29a4ad64e6d3c3629f,30
0bb738e4d789e63e2267697c42d35a2d,30
c8467937e403e76a8ee9f0ab13f6f5ef,30
4bf2f4ee540798a61f9636d12cd9cc80,29
bf00385a5f7fc1ef39a13c2e9ee50a5f,29
271c58a1d139c45eaf3316107c6d3a3b,29
d71d863e5ef30d94e440c11be17dcd8f,29
1464afc72f696af775557a821c2e253f,29
e06f09ec0a4aca210779cf1cfc63cf19,29
d97df38225e5abadaff1e72cb72b823c,29
238fac594e170b59c6d228f5a4f4f1d9,29
8b2492b7ff4468839593fafeed55bad9,29
31da954dc0855f2495c6310f70a2f931,29
94e93ce877be27a515118dbfd2c2be41,29
17306570e772e7718c92a562d33f5f1d,29
d1ef48b38baca7e831711c4a0aeb398f,29
4ebdc7e6cd6102a022dadc49156d4ea8,29
817245bcc3badd82bbd222e0366951a6,29
57c764b4a836300be881e2ff86e449f9,29
ffc470761de7d0232558ba5e786e57b7,28
df560393f3a51e74553ab94004ba5c87,28
d379f449f2a3b271bc01c0782020f705,28
c0563dd588b775f2e37747ef6ad6c92c,28
14a08204d03bb6b6bde8029f801ae0eb,28
28f10b1c5e5abb9d4857745bede6147c,28
0885aaf116795758dfeb5f1032487bcd,28
d4e12e7884759a14fa0f5f896c791cae,28
960945e1a9535cbc0cd6ddd35fbe7ae8,28
4aba391bc3b88717ce08eb11e44937b2,28
f12ff17ad8bbf01ec5c33b17e506649b,28
8931a84a914b3fe9b1ddaa4d704947ca,28
3361277dc30b7cccdb0c286b24219756,28
e5e33c0d8e7e002f398f5dc4cbbb338f,27
3c487ae8f8d7542beff5788e2e0aea83,27
671585f5a2af58b6e276bc01003c0d2b,27
1771297ac436903d1dd6b0e9279aa505,27
e0878efa0e0b7e5313ac0b43bc04c081,27
95ec4458365c4d11f452ccf538377619,27
cc3d14116804f7209f3884f6367f1152,27
6061155addc1e54b4cfb51c1c2a32ad8,27
7ade73f1b9b4e965f9009a4c3a7e2c15,27
575df70bde3f9f2b30bf8d2e9910d725,27
e7d5b006eb624f13074497221eb37807,27
5f5b43b2bffa8656e4bc6efeb13cc649,27
cac876b37d3abcd6bd76caca30277996,27
38e679b9e0064cd94c6f035707344dae,27
5b67882648febfb6e1225e6ad7164f6b,27
73a63f72308aa20a46f4b1632018f196,27
1f1bb1f0859883505541bdd6606193e5,27
3771c85bac139d2344864ede5d9341e3,26
2709af9587499e95e803a6498a5a56e9,26
ccf8813e5a7d6c84d865cd38bfc2b130,26
f61c63d13f7cd800549d5acdd390ae72,26
8090490573c6c0aa343a7231ebcb8c86,26
4bfc7a4a1cf8d4d2121c27422d9e50b5,26
e883aa812c37a7413226856f4579fe91,26
f7496d659ca9fdaf323c0aae84176632,26
c8417879a15366a17c30af34c798c332,26
f41ce2e25237f9092cd8e6e7516c7a2f,26
06df0c10d34e459d9672bc77388742eb,26
b8555308bfdb4ca1ed54325a58da9a97,26
821fb029fc6e495ca4f08a35d51e53a5,26
77a515caa36327151d1cc6c32a9f00e1,26
1dc2de47ee26a0a5b12dc14fd6dc0dea,25
2199e7fe213c16213bf5d6a7eadc9a5d,25
e48b04bf1aa1ef711caebeb7aede6180,25
edf96ef93ed595084bbcbd9224bd2894,25
5debea795b07621e1f90532e18f96145,25
15aac934c58d886785ac1b17953ea898,25
916748bc99315c2d202898ae58b1617e,25
b2a6d334e2833acea353624840e25a0e,25
0afccdb8a34ee5c79f7c06faf2b4d56e,25
3b872fd4747f01cc56206f2934198618,25
198c7ea11960a9844b544d9bcdca860c,25
6a51fc556dab5f766ced6fbc860bc613,25
ed4311e67debd72b8610a5347a743087,25
a3f0b55de503387383c7b1de3ad7f678,24
a938325a4b357fd23a6a4d5bb126408e,24
f76a3b1349b6df1ee875d1f3fa4340f0,24
2e13c71026e1a39ba5cc1b86dcb679aa,24
e89c4adbe7b1d0819dbb636e16461cf1,24
3481aa57cd91f9f9d3fa1fa12d9a3bf7,24
cea729054f157f5870bdd321a958d994,24
6a8a889bde935bafa76d7848782dfaf9,24
c731d18cea9bf687ffee82a241c25b11,24
7ecd59e5e20407131822c1a68ac59c1f,24
8cc6a0e5738e61a87b03c78b2ba9db4b,24
8d79c8a04e42d722a75097ce5cbcf2ef,24
b83cedfb587e7911540e3f576d6917ce,24
977f9f63dd360c2a32ece2f93ad6d306,24
a36b125ac6d5fdbc7f50de85c9157bdc,24
6426d21aca402a131fc0a5d0960a3c90,23
04e38a233f726ef161074ab1c9b0399a,23
e6a69c4a27dfdd98ffe5aa757ad744bc,23
23a0ffca143a15b9b5bbdb7d552f626a,23
7e26c750b4cb9f6766f58265ff9ebe95,23
5c853bb56f70f4d14218944bae111d7a,23
42ef3192a9ff87a22d1867b74b3ee205,23
157c3e4b42f81ac4a44e8b1ca2fe9876,23
13d058e4eeac2ce8217660b2f8a05812,23
b19f3ca2ea475913750f25a5c37c8d8f,23
10076e5788b8ee532724bcd460baf762,23
013900e863eace745d3ec7614cab5b1a,23
e7df4cd29ab5abab70fb0783ddb53987,23
d624126b9206f595fb3fbb6ba03b28a8,23
e99e927c81e3f51739c94fcdfca9f10f,22
7f2617c58d5d06806987308b45654351,22
2b1a40c1daabc6ca280c4b815c101841,22
5670f4db5b62c43d542e1b2d56b0cf7c,22
52f9db5cfb423382a2fa5c9e39303202,22
fb89df7f89fd1b8f03fa2acca1ba7364,22
093805f8f2aeb63881444571e1f48f30,22
681fce914360217db47784ae28905a96,22
d8c7ba53e7e38711eaef8c2849d6d2e1,22
503c1de08ae81a2d86f17951b204db55,22
0d33a55da925bbf1ff02af5f6059fc7f,22
4e5725ba188db8252977a4f0227bd462,22
9596c870880d900012f2e8e6e30d06d7,22
4b5f66b7adcf57f1ecc0d3c07dd6b177,22
f615fe7efbef0f4f08fd3086bc7a3e60,22
916c9de0b5ad957346eeeb12f332687e,22
8fdca8e349553f99bc738833a62c8802,22
42fa4ee7240e9b8eb4576358ec142ba7,22
df56d7b40d437f88407c5f78b63bc328,22
7139dc5186aa238b006e066d8fbab2e4,22
3d5d0dc7073a299e31fa718ce1bc00b6,22
bc47d5d1490df2b36add65d733eafaba,22
39d54ff918774174706fb065d7f9dc07,22
2156f2671501a81034d7d07f217609d0,22
79ed755314cfe6df0daef2c6cd3022cd,22
bd697db56ff8e7c9cd1abeb7f72029b2,22
244c2f1bff6afe1f2eaf9bfe9b2aed38,22
f08c008c8a8d31417763738a1788a2a8,22
7b1222c3624aa89b9558b50a2594188c,22
f0837c8d71434931d9e38e7b79234797,22
7c5b05cbdb5542049f38d90d7815b97d,22
e9511df20ccd82658a30c37b7fb343af,22
272f092de69afedd4d2969440b37f18f,22
6b15924333bd1a741595fe981ea04822,21
7901646fdd36a55f564ffaf2dbccaaf7,21
b347677812ea483b0f528eaf8cbc09b7,21
1dfe5347016252a7884b694d4f10f5c4,21
808d4348b916efa08e766ebad39f61eb,21
6288c69c4ce638e59925e59193f98b16,21
679769a98cfcc6da877c8486ff1c13f3,21
af3ef48d0e13835e529c29ac573c63e5,21
f4db9b37944bcb8873e6b456ee190bbf,21
52f0fe436a347ddad7ed5f9aa4e27eaa,21
730937bf88cb151eb2eb849f642fc213,21
411f3b52d857390502ee4e4d5ceabc2d,21
845e8036c3f7bf62099352f5ed910240,21
054694fa03fe82cec4b7551487331d74,21
c72de06d72748d1a0dfb2125be43ba63,21
1c40343cc5d18c2d8248ac2f3366de34,21
af4a0e4cfe1d9c26b6712b1be25a72e5,21
a5a1bfcf728ab0e19182959cf0771ee4,21
02ecc2a19303f05e59ce133fd923fff7,21
5bffbafbb22daf6d3bfc216a46db8708,21
4200ddf1967c5e41e48db62bc6d4b5ac,21
55d3daac7c404d59e51c2aa2f4dc5a23,21
55f7a3319d80f7fdf078b8f03e6725fe,21
f9244d45189d3a3605499abddeade7d5,21
b494891378bd8f4560abe576c52deacd,20
41c2bad7229b0c25e6becf179ebf63ff,20
eed78ac17f7f795a19a709745f00cd4e,20
412a4720f3e9431b4afa1476a1acddbe,20
8ab42aa58097fd4668d60cc648225d5f,20
1a932caad4f9d804097d7f8e615baed1,20
d3674f271c91f824f82d24d92011f669,20
542917da124346b47ea1ac79a93ce454,20
ef2fbc2b607d8492bcffe657a4645434,20
7f152321c60a266edc53af1925ef96c1,20
82bd0703a4aefd6b599e5bfdaed378fb,20
784ba75dd9d20200c4caed3d7a77141a,20
f918546be4bec7104d117789ba758b2b,20
ff69aa92bb6b1bf9b8b7a51c2ed9cf8b,20
bf100ecb7997df312b285358fb32f92c,20
3785b653b1b82de85ab47dd139938091,20
93b9a99027bd8bd6af682aff18dd19bf,20
4342d4b2ba6b161468c63a7e7cfce593,20
f593898ec748b7a8cb81fc04edafd98a,20
e21a1e8be4715b0fcfd5385643bc49c4,20
430315b7bb4b6e4b3c978f9dfa9b0558,20
094ced053e257ae8cae57205592d6712,19
d9442042130b7fe579d1295f9f4a248f,19
dfc475d54e1b6dbeeb7d7d9bdaa63827,19
6b536a23086fba0d58c08d68814397f6,19
e24d3429d294b2eb200b064ebb035879,19
4305fe92735c8a43d154ff6dd2b8d927,19
4c8b8048e33af2bf94f2eb547746a916,19
65b081a070633e057c462abdd6fb9dd8,19
8ed8ea9a57c862f2c18c2fe41f601d56,19
cfe94489ddd337d1e29e12f2a7205d10,19
f4c4daa86e30c7e5a553a8d518ac03a5,19
e5475dcab1e07b63d7f6e902d8f5eda8,19
888faa8bfb0b159c37de6d898b961c31,19
392e0502231ae2f8b29994ef6398cd77,19
7bac63f6603d382cc8d0832eb6c100a8,19
3092c0b297aacfb4bb6e056ebe13b9b8,19
a44fb5a447105f8469bdf16bf9159f25,19
ea00f977a203ff88adf7057cb7806998,19
1fe5540d7c1c37a595fefbacd5570d9e,19
52d76513f0c4d97f3b99570e2c94ee31,19
eb5b6204dde3a6e03b5f1bb8479f055b,19
67883baaae6134ee81b271a542613728,19
ce69a8021d18961dd2a40269b7c2c293,19
d51e0a403fe2e689ece6c73359d96e12,19
9dda5bbacd45e18d6485fee649205d09,19
adcf50477d6a1f5d91bb9d54c4903cb5,19
e84ad2127668df3aafc6b73531a0beb8,19
f5b44895715ddfe3087dc414f30268f3,19
7a425d299613df3e613bcf9d2eaf5c49,18
b1fecf4da1fa2689bccffa0121953643,18
4978a02ea9c8be7a9b5480680f40334e,18
b4f8921fcc4ff77b66bea6dda43dcd51,18
822bad9bc42b51213ba522fe87b7ab5d,18
f4a04f7be452aa3bb31760bf00055dd0,18
d03698c2efd04a549382afa6623e27fb,18
1430239a858e7682bbc43b20758af153,18
d354c38a7182125a748cb10474fe963b,18
863d2ebcd347ce4922de7a0f9a5581d6,18
77e4abfd739aed9c46480f90f81c0eb4,18
07bf9669d84d1f11be443a9dd938f698,18
6d988d6174a2c27441597174f8905515,18
54c04bdb5ec46762f8f08c7e8f86ed4a,18
fbc14c0cf93505ef89f64665ffa4a7b5,18
33c51922b6e3c16b24a8f28e5833c99d,18
48efc9d94a9834137efd9ea76b065a38,18
f5f2ab9bdb6b30c14c61be68c5ed37da,18
989becdce12ebc39863c2bceab6f3ca1,18
ffdd9f82b9a447f6f8d4b91554cc7dd3,18
30829ded4523ab9224b93bc49a62c95f,18
ffa6adafb71b807dc13159e26431354c,18
3a734b715d333a2588a3d54a0c9b8746,18
4b0fdb526525f9890eb145bf1534640e,18
1fdc574883ef3b33ad41562d93f3a74a,18
179d859f51292aac5c10806a356f7af9,18
8a2d12a90e92f012ce5226fc6592b653,18
d4f117125b59ce73c3302f88ee40c458,17
9c068d10aca38e85c50202e17b4a7e88,17
63ffcb71394dd8ea3872ed9ffda17c74,17
9f50216bfd01913736a55a11b55ea842,17
53d00c40e32aeb924a84ce72b1af869d,17
e7f3bf1ecd8526eb7f3b18059e6716e5,17
08d2d642cf72b622b14dde1d2f5eb2f5,17
8602a61d680a10a82cceeeda0d99ea3d,17
e81e1f9c3e762e620f3fb60a51499e16,17
099095b050cfe8eb1ddff5317587e96e,17
cda598c48d7c614bc1cad7d8ff6f0010,17
b64d51f0435e884e8de603b1655155ae,17
6aa3928696eab49a19a466e665a649fd,17
2e1a7d075abe038c1b2743005fe42ff1,17
6bb0724edf0b62fb91ac404873a97241,17
da7039f29f90ce5b4846ffc0fcc93beb,17
f63d8f293af3a6454377546bd9dd19ff,17
1354d51653f645349064725ed204e85e,17
30a81d8cf85fb2ada1b1b094c9583a95,17
bb135baca94c82fcb731335ad5b04a03,17
59417c56835dd8e2e72f91f809cd4092,17
bba3293d6f5d5af2f415e004e8b93ae3,17
1b8b75e227c9a9c100d0c210fb6176ce,17
3dbbce181edfaa4a597ec858c382d2ec,17
5bc24d989e71e93c33e50a7782431b0e,17
bc2ac6b95e1accce9858528ee566c17e,17
72bc2cce903c872fe376a8faaa81d237,17
d06d019f72a04e5497a0b64190af170c,17
c4d51195486dc781531876a7d00453d8,17
89bc797e2e29667aa035d4368f9b7f92,17
5bc55dbe2f12b6af6d83ed46023e0dc8,17
768a86e36ad6aae3d03ee3c6433d61df,17
d25aa0aaacb370e912f8cf6efeba38b3,17
87d30a6a0cbf89356e49324971ab1d24,17
f1ed6bd0a9b11b581f16c851c6a5a527,17
c35672b10ad50968f567ea3f4b91e877,17
ad97a199236354e53fcd91a5a913e9a2,17
2a61c271b1ac763450d846849783e922,17
c12b92bf1c350f3e6bf88d3596219c86,17
ec4608a1f76453166bb312b2968aeaf4,17
60562ab00b8054280520d390c8c0045c,17
06bb3a2fe5e7b7a845b13e8fb91bd944,17
638cba8be1fb599bbb76fd6948351eb3,17
25e47381a6c510ddeb36084e33b89f0c,16
0725b8c0f3f906e58f70cbe76b7c748c,16
ffff564a4f9085cd26170f4732393726,16
49067458c68f7701fd334ce326accbe0,16
610f72e407cdd7caaa2f8167b0163fd8,16
d66c11a9572221d92fbb8c4897db5f9b,16
3935fe5fe0f82787a9dcb8deb62be09d,16
dbdd0ec73a4817971d962698f2fea022,16
a2b5b6105ea5942300631d2e76f4ffe0,16
db46ca7bce82b11f7e247539271fc390,16
6c12e40690c335dbc2f68a4134d30dc1,16
86bb7c4b535e49a541baf3266b1c95b1,16
270297ead4c65a6cd2593960d2af6b21,16
f125f3a310c2e5f822d116147de1e474,16
f97e2b0650c2068227e1d366140eb62f,16
fcdd820084f17e9982427971e4e9d47f,16
fe49ee029e61e789a1f3a5525f57ba8d,16
5b33b527da3c5b969cc99dc435cad09a,16
cf2384dd2f1dddea3f838efed0945e65,16
b5e3e38609125694d2ea2417522a60b7,16
2d2c62bef4c8ba0dd74e0e228e808539,16
2be17df1c49978426251562096c3cc09,16
8daab2245ebdc277c51098d01c5ad8ef,16
04aba03279157f6d4e0fe8ccaf21963c,16
81336a0f57a33776419727a300249e90,16
67bf6941ba2f1fa1d02c375766bc3e53,16
bb5bd94c8f59cc050072d2930c869cac,16
a6bd7d1ccdac48c6b33b28596b7eb122,16
51e4e89242cbb846c2deff3dc015650e,16
5b664594895aefb418afaee6d40a9a23,16
cb5df0dcb9e280b1780e9d589889f2c7,16
afa6714acee029b2dfdf357e5579cc03,16
b1b3948701c5c72445495bd161b83a4c,16
15cd6eefe58588619aaed41dfa6621b1,16
4736e9d642ef4257cd7622516931eb51,16
c794dab4928dd97beb41d05514441e86,16
b33aaadd1a8891d2dfef0c4c3bdf0371,16
e3a386fc36e22064434e1fa256f6a9fa,16
921323538c9f1c4e816f2720eac02bea,15
6a38087bc8ad4f89ff453561005f6dea,15
3a1a1fec38dd360f15fc912e821e169d,15
c6381d2d013342748761e906d45aff76,15
8f54d64f28a993550aa7943f12572959,15
9a84ba99f5367fdbd4598363496f1ea2,15
f1fd5ab1181f827ffad998c1a5de7d74,15
b1aaae6b66ad3c40f54b389d7ea4bee0,15
2646baaf662d4d92ac48f047e35db92d,15
a425f92c199eb576938df686728acd20,15
be8e909810184b9b19e886129149d8e5,15
343e716476e3748b069f980efbaa294e,15
55bb6fe5bebe5012e2d7d9928e1128ff,15
820cc752a266cdc6c1a1e61dd4583330,15
8b8cfc8305aa441e4239358c9f6f2485,15
ba5daa4041e1f15cdf34b76e3e18a450,15
7238a95bb63ef7e498389fb863b834a1,15
76ea5315acb3f5f7ade3cd261faf922a,15
26785a546900236d66f2e4197c211158,15
2e3be8a987a30d7544dbbda6861cc14e,15
f3c38ab652836d21de61fb8314b69182,15
87d3c3aeb3ead335511b3ce315eb341e,15
cfa5ab0e4d3fc212fd0b3410e7081c62,15
0eaa7e33d73809f1f925f7d07c506cbd,15
ed8cb7b190ceb6067227478e48cf8dde,15
3c010235b7345c92f125d14ee232a76b,15
33cbbec1e7e1044aaf11d152172c776f,15
e601b04acf48b4576e73ddca9481f0dc,15
ce616e1913288884e7742faac9d981db,15
a066df7361163e7ddc5d7452dd17448b,15
c4fb51fb1c5b7c07bc5e67be6e7e8f6e,15
5a425cc503b39b262a847fd6212bf53b,15
21e83881401b92b49fb09a16d3852291,14
5a413ade68e8f8d93071a7f52a64cb9e,14
5a05a16bb50629ee31afab8a6d4c2674,14
596849622429351f47b32e6cae1055ff,14
5882820ef11c4c068eea0677a7a879b4,14
d2e753bb80b7d4faa77483ed00edc8ca,14
62c50c1af4dfdc4149d25c5222043d39,14
52562a9f449c3dc3d53f5f5b9ed74903,14
ffeee66ac5d5a62fe688b9d26f83f534,14
4de6e4ba574aa9dfdc824bc44dc47fdd,14
4a1f694197d05fe70026b016a7316b41,14
45213867cefbf2cd4c6177e10216a951,14
de0c78824586e9a5f5f04fd84e25df39,14
41da412d33e8da4f22baf55cb1bde82c,14
df0f42bc4c2142eacf0eaf2cffd0cfbb,14
ca4b77513ac2040591b0d8fae6958380,14
df91910b6a03bb2e3358fa6a35e32f6f,14
02d35243ea2e497335cd0f076b45675d,14
c89cf7c468a48af70aada384e722f9e2,14
3ca08eeb8d5595949fed424bd3677742,14
c84592044b180dec206770c38603814b,14
e48cc16ab70bfa09e1401740dce0b3d7,14
768de2a4fc06aacecb9a586ccc30746a,14
c679fb69a36e1d8349e8c50a217b4d58,14
7c1fea10b5b006671d608b1d7c446ec4,14
c273175f7c6c80fb02f051e2fc6d0d72,14
7fc87cc3e89b3d1d5cabdca32f8485aa,14
7ff588a03c2aeae4fbd23f9ae64b760d,14
ecccfa2bb93b34a3bf033cc5d1dcdc69,14
2953ce3a88f5e3c3b696d77fc9e4c8eb,14
82cb9f452fe8334df74b22d37824b431,14
83645b1645cdee8953ee54c29ceed564,14
218f991754f360af9c2daa5e0b8e990c,14
bce6a5ecf98e99fd2a8868b15c51f04b,14
bbf9ad41dca6603e614efcdad7aab8c4,14
1987cd4be10fe09ee50454f9c354d1c6,14
b9ca8e8baa5d4aa038394a700f63e69f,14
b6e1504972665f739dec4facb9943775,14
13074f016982ff2bd6c58ced8682f000,14
014c0679dd340a0e338872e7ec85666a,14
980640c45d7a4635885491d077167e4d,14
9bcdfa7b615b3abb9461d9e3ad9886ae,14
0747d5bb69f0586cc869d8af4c50f93e,14
6f229cc508fc6915ed5c499efd93baa4,13
373ee4a3a775a733770ca3f790b8b9ac,13
8f78f0903005064036736c7173a5c2ed,13
88cf19ec1fc2c58f161aee259d57142c,13
7c4618c82226628831613e95e9c22f44,13
caa9bc43a9fe8cf9c564ddd8a03cc4a6,13
0417b067eeab773d2f7061a726dc477f,13
8d46553a36e68f95350a200c12f8f2e2,13
c9a06ece156bb057372c68718ec8909b,13
1dcfa3835714681d4ba4a93bc1e0fd41,13
e2c92f9c1c7746d899d18f2e158bbff7,13
8a87611c08849ffeeccab52aa798b6c7,13
02c988090b766852e088c69d7fb3b551,13
2f74af7a0ee5636f12c2336f9fffed47,13
d101c6da914ae3d53f7bee42283f2fe2,13
c510bc1718f0f2961eaa42a23330681a,13
a8739afb32aaa45e01815ca76f76f54b,13
5f67c6082caacb26e431a7b17940cece,13
a2deecd5398f5df4987110c80a1972a3,13
562f8cfc51f265411f487d07e9c40e7f,13
9d7a1d34a5052409006425275ba1c2b4,13
9d681c7e12db302cb261e721040dde65,13
9d5604a1f112324ad6b2aa552122e0fb,13
5b07547f10dd980738a1a27f685af669,13
8629c241b3622ac12cd4118afdc8d394,13
c2d70ce2c5d0a2eb75e78668236e6dc8,13
655220df33262c7e0c4949a147366f94,13
54065e9aef7e9e9c2dc23b7594db021a,13
51702dc2a3e106c76dbff722b5bf0726,13
5abb8ea023c77787f2c15da891c8d384,13
128f9bfbe4c7d5185033914b1de3d39a,13
2d518637f53161b973e01f56ea4bb88e,13
49e7217cfe4e427191c378ec626d8737,13
6e864f5c4669eff3d98140a07cc50202,13
c3e1abd72a42fe690fcd89cf5720fe29,13
36890be00bbfc1cdb9a4a38a6af05a69,13
8ff1a9df749e454105c55cda13e79143,13
c26a2be5b53b7db6b276280da212a779,13
5d9dc90a686a8fddacffab6bab5653a3,12
c37b2059d4f90d4feead554e5246565e,12
c3acdfac4e3e97ff87529454fbc03642,12
26e2c91ef821e1ff8985f408788fe35b,12
26d6bbee02420494d471c9f6436929c0,12
8476243f92442881ddd5b578975cf115,12
257e61d3251fb5efb9daadddbc2cf7ca,12
e64d65bc8dbec2accda90c58de5d1246,12
bd1d49a326abfa9b1036772e40445430,12
87b740daf17b5d1be335a64164ec6842,12
bd15ee794d5e640d9dd71b665b2ab15b,12
3969863bb8af7f72580b3b1ffd3a17b3,12
2059c39f76271d4ca3f15b5ffaccc8b8,12
7357b52d27cbaa90f81a96cbc1279396,12
e1dc0754bada9ee4cfe9713f22f61292,12
1d503743d2526f03f0c2c89540ee008c,12
1d29dfba02015238dfbe2449a5eaa361,12
bc07d855eac23aab5ac8a120f21d16b2,12
bbaff50f3b708fda865918715276cd87,12
02dcd3e8e25bee036e32512bcf175493,12
3f8034bfc6b8b4135534975d49f04c63,12
40db9e9aa57f7bb151bcda6b0f9bdbb7,12
41ab63a91b8b264e8c8780368bf1dd5b,12
431050a06a317f2b38168dec3dcd2b46,12
f52c2422904463fdd7741f99045fecb6,12
4324dd16853115efb0fd9d0d131ba6f4,12
5b85809efd0d0e4dea1a9544e1280ed9,12
cb41bfbcbda0aea354a834ab222f9a59,12
f5f1f2c5f923f36ad79ea1d07185ddc9,12
b8630e1121437d41cb08e3c749c2c2e2,12
47efca563408aae19bb7206c2d969ea9,12
6d22a1fcebb6dd08c9cd90b92a93e8d0,12
ccb83a794700270fde70898fe9ff368b,12
5b51032eddd242adc84c38acab88f23d,12
d1c7fa84e48cfa21a0e595167c1c500e,12
da6a60cc8cc724fe51be021ff8be779c,12
cd3d09fbe6e3e9ff0c0ac0c300e93ae7,12
6b333a05bf188ef3e1f1662a86bd9855,12
d93844a9c55ba7ce353388bcf849ea56,12
968268a686aa05d1f529fb07dff08130,12
0ac4201fda2c68ebc0e47cb9423cf3c9,12
97512d3fc193b2d1dfcdba0f9d1f0f8a,12
5075aaa8404020ae6aa8bf4792099b41,12
0a85ebe4e328db81ac9109781205e2f7,12
985c92cc412091f8529c12d7f23d3fef,12
9906e7aa42a3c067b7c9a564d01c4320,12
d6ab728cf30867cf3f1a2e216ae2f9b7,12
08d0949a9a17c027262db1f3c450c26c,12
0887a9f087bcd5d9f6642b52f897fc6c,12
08084d990eb3f53af056ccbc1730c8a7,12
d4e4b5192cba4e0e66eb12a9d347239d,12
5b0cc932433fa5184b5b94bfe6bcc256,12
557f22c76691849db52d2abccf0015d0,12
cfd7ddab722b902f7ac5b5f3ba6d723d,12
acadd4d36859671cb635527c6c977533,12
abc015ebac1d283a323ca9db35ede4b9,12
00720abe85ba0859807595bbf045a33b,12
a1474fd46fd3430168f7ec202da39408,12
ec80e49e69745ab6c14f984bf2149423,12
d17f467e4bf608a510c20d82f4ba3b6b,12
6f83d9e4da896daae20b9b6b2d3ff8d2,11
b0b346d3a89f5eb4c2968af3f083cd43,11
17908cf9b444ee34047cadd5c0f4a516,11
01bcc9d254a0143f0ce9791b960b2a47,11
1690cada046eb7e92c12f98b1f8a8167,11
165b1235e9e9942cb5fae67103576fb0,11
77fccaae319668a8ab6cd0fd16aec48c,11
cb6c9f5888a7a090c75beaf615925792,11
91f0eec23d4a61d7d7caeefa3f0ad1ca,11
4677a5437afda5fa7140b927b07be1cc,11
f08a5b9dd6767129688d001acafc21e5,11
6ddc28b61be28373b4503a1f61cf98a9,11
48fb026ed7455a42f5d3e9390ed5088e,11
141440cad9341e553f8401c574a2aa38,11
4ba52dfeba874da5b9ee7b17c7494f04,11
4be6b962d83299498bae2190f95d6566,11
014d9a685fd57276679edd00e07089e5,11
7b7f91e98f8c6def45a1407923304402,11
d9e7e7778b32987280a6f2cb9a39c57d,11
c4fabeea6e569d42d02993bb1f4f1cbc,11
a369d693961cb93b61ca2cc518872a85,11
5011f0d93373a4c5753adf58ca77af8d,11
ff4e2d38692ce827b1a4f4b8196e680d,11
68f86ba270525243e68ae74044f992b9,11
9803a40e82e45418ab7fb84091af5231,11
236585a4ddb5fea9fa40233e2249ed91,11
512d298ac2a96d1931b6bd30aa21f61d,11
b5abf4f36adc043117b4fca82c22984c,11
b080809eaacb49e5ca07290981472431,11
fa74b2f3287d296e9fbd2cc80f2d1cf1,11
04aa0a1c5ce6b222003403a3e11c3cc0,11
2c4c47cb51acd5ea5db5e0ae0e26542a,11
eb4df17aed01d918c65f0f8d650900c0,11
66fd84ee7528c0c0de85d0f44a73d5ab,11
b55638ad525e906c698fa2ce742c1742,11
659e8466eb3ff1b0e8740d74fb7bbedd,11
817f85dbb65aa3e70831d90fe75cdf89,11
082e0bf4cb865a6533b1e8e498cc0255,11
788e857f317e53de488d393e65a80f45,11
e627629ba868740e287800f1a9be81c2,11
058cb5aeb36d7c0fcae20fc85d5e0a59,11
d4ffeb15b67e81ff9af2b4252d99fb7e,11
a23266650e7c84bb93fbbba502137478,11
63a79f5a7eb5cb48a7e5787b141c7993,11
2addf05f476d0637864454e93ba673d5,11
334cab711dee080b079fa5779b584783,11
d4910f1cdcfdabd48d6b316e395d4a23,11
bc302730ea8cf49b5c74f579febb5bbf,11
89f69225956f951295ca4c7fb1266553,11
e256a62e0ac58c0edfba09966142d561,11
c5f7feb04a6a1fb3596322bfc3cf1917,11
fe701d88b67eaca109dffd464d1be9f9,11
723cd880edaacdb998898b67c8f9da30,11
f0e103c63864d5405b958d984b6e94c9,11
1cbd32d00d01bb8087a5eb088612fd9c,11
1c5e4e49b9079480255b49d50aac1aa9,11
1b7e5006cb25dd23ce8686691013b121,11
8ca1551acf9832a4cf467bbbac15851f,11
1b1ae47a313a825a7ccceb8e2e30fa9d,11
0249d282d911d23cb8b869ab49c99f53,11
403aa86912527d730337ffcb0fb096ab,11
bb7a14e229b1c95156719c3d9552eeee,11
8e2b3afb420011ef0c88c9d5f11ea526,11
5b581417df4480f632484ba681e53944,11
7586919161935337bf6b6d7ff5779648,11
70849ca4f400aaabb62cb7462a6f1428,11
9df5750209b83567ec144eb299d7d634,11
e504a4e2efaa45cbff7e268a2c58c956,11
31ae0774c17fabd06ff707cc5bde005f,11
c5f7e746b7e6d07def6c0dae9903279b,10
c6a7539d424a8402232c2228d7a03c5e,10
26af45f5dfd967225a832838aa4e24a3,10
ad273c9eb54ecb4532de4bf75bae9e4e,10
b9a03475e6447e631b6799ec8274800f,10
525e75a6fb1454a2325ab1734bcec221,10
851773c885feb5e2da3b4f82bc2b17ce,10
1660ad786c27fd935378b6192a90b417,10
d1b9d4be4b6f9ebd85f8acd6745ba612,10
6eb94e1466490d327a09abf8f3552a50,10
3fac58ce0ad699020c7944d53c41329c,10
d32e3909cfb714fb2a6cb092c85b9c5f,10
3d621842b2ed28e2b474132480edac3c,10
de9727ca376d1be6ec121b110aa7954c,10
aac51c486b672a9850d59f3e84b1cf88,10
5f7300535881cef3b625fd683cf7d145,10
cb9fb4ca75d7ba8437480e8dde64fe98,10
cbf09e831b0c11f6f23ffb51004db972,10
c990d6cf976a5718aaedc539f383ab88,10
7a2d2949aea47fab95fd98d6c9f618b1,10
f435898e493ba0356019a0b1cb8b55b1,10
a0415d9b25ede3c4b1e477e9916ffc03,10
5b2e94f2c22b39ccc24d34ad0f669672,10
8bdd8e3fd58bafa48af76b2c5fd71974,10
5f26c1408a65b42a7224cd463bdf3292,10
9449f25aeaf531019b76999ea49a6949,10
acb6c2ca5c82411c1fdb88d5fd5eb95e,10
b2c97074649f92197d9387d9033dda5f,10
b6dc74ed30f124f95227bed4e43a3bed,10
fdaaf5bfda82b7b80535610c831b8d09,10
9c690ceacd5c66731bf443ea810195cb,10
2d42ebcda99fd55f6f4bc2f1ca035d50,10
226b05fe067266c59c15dae208213d06,10
6bbcb8924baf70b7fe2fe2097e8cd407,10
6b9b80d53ba3676eafe60268a810b5a1,10
f8201cab383e484733266d1906e2fdfa,10
ade45994b717ccee333492330fbf037b,10
0ff83046c3fa22efee8ecf291888b191,10
41b86b552e54e3a7009596125aa8b167,10
5ef131ac72773e5b3f6c0d63cf424657,10
2aa3443d7bf9d9bb11133f420d75e083,10
f44b6f775a2b390380e0e30b5c9d3eee,10
a13580f0e8f782b7a543885a0ef99f08,10
f9903dd0f812c7e771fcad47b6fff231,10
5a6a02f419701fc8c605af71d4fc57a4,10
e9c6969d40e6a3d2d0f90013165c2b98,10
9d39404483343dd55c7ae254494d8388,10
3c3017960b2dbd72711a61f0400aab8f,10
2f09f7d37a97956d11cc1a7cadd5262b,10
59cd88080b93f3c18508673122d26169,10
59cea8e446d3834393058e7e0666b6fb,10
05a940b4ecae36cadfd8e93bd9c43257,10
a2fa0bdc798ee84cdb08281337cf4fb6,10
1e483cc5c76fef08d3ca05f9a8af7d01,10
9dd59e43f0c9f0553244e8f9c2fb247e,10
1996942dc085d7773ba77a529b163cd0,10
b127efdabeffb5d559349c7b172eb75d,10
3d2531eccfbde1d7c8db7a3a12fb267a,10
d7485b33791774c36108f8c69602d48d,10
615005a3ef192c00c6f0e977cee3d2bc,10
39c763cca83e654764b7a4a650fb9b7c,10
89a51f50b8095ea78d5768f34c13a76f,10
fb3cfbc8a86f5d7fbb4d36b8df63f60d,10
6806dad1da97bfb5a9038eac6881f706,10
b16d3dadc47d4eb18be3d88bad0775ce,10
670a9dda115b5a88b18cfadee8de2332,10
2f4b0d3b9634b647d4edee577d7ebb7e,10
3e8bd881d92466e63ba9e3e809cd3c50,9
01c97ebb5cdac52891c0ed1c37ba0012,9
039b29ff3b3473435d0cd59040575de9,9
03a2a6dcbe45d639c4dc2a0d24769c40,9
04fdea0c111866e6cf812f1570d6b5bd,9
07de60b03d150fb3ea09eab5da5e4c8b,9
0b18d63d0cd1d723567903fd34a07df2,9
0bebbb2cea103a4a020c95d43fd7d754,9
134a288e7de827ec5ec62e3ec9c3a295,9
13fa2a6c6b9d0f43cb588d7c82117a12,9
1782ce2db72c3dda627d5e7c898104e1,9
1acde099eb406aa220b1169b188b42da,9
1cbd50a8c52e6cf8e315c5709fab386f,9
20b54c376b794ed028df09a3cd88e8dc,9
2379bdc3888025689a9deb7b141507d5,9
2dcf93836ae3ce0d7c93e2f10876467a,9
2fdde51ad3e12f297da656d4fbd5d0b5,9
33d677f27a69b84051204ee4ae76eaca,9
38102b031c2a15e54623d711bfc753d3,9
3d0cd21d41671c46f82cd11176bf7277,9
3d4824f20035949c710eaf111f869d39,9
3f0e48d209018b466fcd3bb4ccfeb520,9
402916f742e5c740cc751493d9cf5053,9
457fe919b032a3f7dadba6fb92cf7855,9
4e8dacf3d38f281ae26c3e0321d92d88,9
508808d438fe2ff972ed13bb8f4a82e2,9
54583ab379489add547fe47b628db589,9
5ab05b6d86d417796c69ffd6774ec832,9
5c3460cd3e8a984382ae254e7dd20d9f,9
5ee7fd217d08dfe5d3e2f51f96a12c9a,9
5eeb9c756d9780b96283e5a2ac6da334,9
6562efe88ce0826a4ca4f189f03b4b84,9
6c99c983ce3b6ba0ab813e6790e81691,9
7210cd29727d674c00741e5e387b3ccd,9
7813ea3ebd9411dc600b4dd01f7a97b9,9
7bcd7c5f8631701474db233ccf1c094b,9
7fdb0720c8d7c9075538b365dc8c3a22,9
85cc55e048b6bcc90c75afe7f0e72f72,9
8c0de775f52fe41590b376a3b7c50f68,9
8c5e007d7bd5693fa1386ffefbc99f6c,9
9198786624eaeb375793215cad26cfa6,9
9539213aa8e023c01937bef95dc006da,9
95b293867b5862941c9cd74f756a3c68,9
973f21788dfab357250f69a8dcb7ddee,9
9bc484c87d79cd4874e05ca182658045,9
9e6967d3cf386d284251784b18ccb485,9
a1bea7061f61f6fdd9a85a6325ba1033,9
ae45df84722b1d15c5f32b23a095746c,9
b18871c324516afa228a13e8f1ef0ae9,9
b2eecf5ea250510da76590ca79d60e5d,9
b3f19518fcec265b2e97af287725f981,9
b8578d2d823bd8e251f6fdd02b40902d,9
b87a7ea0c30fad2dd6781b74a0064859,9
bafc5aa11e413978be29040f51342e70,9
c0098efcf800861dcae589affca31408,9
c24173065483e421f9e5e7f599de101d,9
c35affa65afd250151285c5917fc1c8a,9
c500367424994318b9e779ff1ae9a330,9
c64a2aec32cc408a8a4c6d7c46017f91,9
c7fdb77fdbff3c41981bc52f787e959e,9
c840d3fdbba0790404fdae73d253b253,9
c878515173c84a492ebe50d6b493230b,9
cf8ab1616079e2793aa29d524df01bb1,9
d1582f4043306e6b91afa6a8a884f898,9
d29ba1220fb8634fa3a107e54497b8a4,9
d3dcf0604eabf0224fbd5948b5e02f69,9
d94ba08b99bedd6a5f6c875ecc4a6fac,9
d9e8c084b68fe958861d8f2c21202e6b,9
daf565f087a52def0fd5c5825b3661bc,9
e1b12447a7563944843191754aeb5562,9
e8dba4d70f7f2b20e775d09cae01142d,9
ea65d8b58316a6f2362f2a9e4b3e86ad,9
ea6b12bf9ffe2bac34602ec631d97a47,9
ead2bab70821ea148476ae9bc08548ac,9
eb3071b9f0b0ddaa2df5ea130f09f26b,9
ef30892870c278497523264be1be2241,9
f12d3c2a14729ae461b920c11fe20fdc,9
f326006815956455b2859abd58fe7e39,9
f35b3c613c4f7b2275f4185d0a3c59ec,9
f5f46307a4d15880ca14fab4ad9dfc9b,9
f9ec7093df3a7b346b7bcf7864069ca3,9
fac1a9017ade7bdc94058fc1c969f355,9
fe1bbc5feda5c8979a8a1b3b2512d5a6,9
fec6275253471ace26d209bbaa64cd0f,9
ffad1e7127fb622cb64a900751590acd,9
f205b1a3ca9a34e0f8a228bae6e4c7b3,8
e644cbadf7eeb30d0d29f335ce7d52ec,8
2009a095de2a2a41626f6c6d7722678d,8
4b1eaadf791bdbbad8c4a35b65236d52,8
07017df32dc5f2f1d2801e579548d620,8
f22a247b79dd22ecd91dc8e3b2a1b07c,8
4ef4c39cf3c24f326434cf0b2e48046a,8
89de2d6f23e9746ff309705b23581faa,8
c8cc60ffd415254af5d9b9f34f32c369,8
4eb61f060e7dcc1d5a80d806c35cc541,8
f25e239052084705e17a982bc600ab2a,8
49383af7ab774e4e8f3000f49c83dc4b,8
a1544b9ea0b2390e020537d4daa89049,8
fe1b067411b8c5066e962aa146ccee03,8
577719699805dd125d5b6fdde5943bba,8
eb72802c83dc7547529c9546d1a9b8ef,8
579891617139df7d8671d373f0669622,8
1dd33b8119b3cb1056ed5dc88cd0aaf4,8
822b63912576852aea9a8436d72317b7,8
0ddefe3c7a032b91f4e25b9c3a08fca1,8
1bb3812d5f0747a3ab7348f199001a10,8
8185694b58b2ba6de20fd41ae608bbea,8
1976a05ecf2996d6ffb7b5430e635fe7,8
2d2322d842118867781fc737e96d59a1,8
81783131d2a97c8d44d406a4be81b5d9,8
c7a0a13cbcf29d5ce51c8f80afdc0b89,8
184a67a8f9f63234d3a92340bbdb727f,8
293dee954235e4e4e43f129313625ebe,8
79565f7d5603b24ddf07ade262547f2f,8
ae8bfdbf1c2a2a2dee92d799db0a31c6,8
92d14edfb62ee5ae7fdff70b0f4e7233,8
ba6b4a237f92479743cf0ca06b67a9ac,8
32fdd5d44ecb43dfd6a24b9369eca144,8
c1ed9e3daf6154542826a6996af0fb8c,8
455c5640e8c5bd1b2ee85c0158f85727,8
10ff823eda2b032e2c93d17a7d294736,8
e8a85b5f3df47be0984c55fd4064dbb4,8
c6218512d16fcac0af02fe92691cf274,8
a06c8ff043abea0528ee44171e2140a2,8
439a47cc365d6e3bd526812ea9de3c29,8
b81e3a6c866a764974fe849821abeebd,8
c33a5c3c983090c8b78a28e65052a20d,8
ddd51ae8cda92f3995a51fc0f0f3eec7,8
13c2ed7698b3ca92dad49e849219da59,8
6b89abe95848c850399130d149a39b63,8
ec933281fb017b5020d06df29c3f77e8,8
b8114f2f589a6804810f04f99b36b498,8
55dedd83e501d8248880557d9073cbfd,8
15fa791d5e017f66402dc28c44480657,8
a478c7961d6a992065b24e63b366f90b,8
7b98de631987e26dd6d803490c43a13c,8
27a56ff04b34c2ba34ce6ba4d3b9d616,8
a36ac007a4d18f865c8d32c3b2402c2d,8
ff4ea69c2a729e83e63c7579e4ef8170,8
41b14765bd56c8ad10971074380f9c0c,8
e88c9b79e592e370d6bd852eeefbf057,8
e83c76265fc54bf41eac728805e4da77,8
4091f77d8c768fc3e81c20761471761d,8
406740ee611378a662d274c7d8c43c4a,8
404e1ba01358af4cd63f679b2c4d1fa1,8
4d600e08ecbe08258c79e536c5a42fee,8
57fe6232e67823593374a2281d7a8af8,8
5962468f885ea01a1b6a97a218797b0a,8
297d5eccd19fa9a83b2630071ff105e4,8
a5259c149128e82c9d6d46e0c1c812bb,8
8f580d36c1e9d6fbce95283403c7d447,8
6e0908ef4d4efadbc3cc2b74ea477cb0,8
e0eabded302882513ced4ea3eb0c7059,8
3492e68f37fd1df87f4f2f2ea247f445,8
6e1862e15f33d9994bc25922a85e1efc,8
3d39fbf22a665714baf62fae36029e23,8
bd149ed516d4c5d418d5781f8e18919f,8
4d0041cdbe51b4617d95c70b19decc74,8
e250d617a0ad591ba9bd663e584a895d,8
34f563c82a85b99ae9e6d60db5fc2e28,8
4cf490a58259286ada5ba8525ba9e84a,8
538caafddff204241cecbf3a02e6b3cf,8
6ee85be3693ed79a8e80718743d80655,8
3a490ba60afa30ece0e7d50cfe74a4f0,8
0aea4c6ae1505b3228ddf3dd7822ee5b,8
dace965ca58120f92f8d742a9fa1864b,8
034b9387752bfa309f350a70cd45ffa3,8
06532f10282704ef4c69168b914b77be,8
f1b93673502375d491780bb49d615dbc,8
cac63f48c38cd7d002a7e846dcd99a23,8
8a9260f2b0340411d6d2a56bcf4f7378,8
3968920b9aa752ab98f7d5888c9252f2,8
70b52a4cfc823994561b00bad161b4ed,8
5e105f5c9f63f5f1fd75d6cb942e55b1,8
d0d70d21e2234dd7cd3cf63fe414148a,8
87e24fc7052259b1f7f607d61c10d8be,7
5151aea44289d6c6b090ee31c2132508,7
2bf28e311bba65237358230cabac3f15,7
2c3d56f92f360fb89d849b84e8f50eae,7
ff1e15b778c700abdd4d239b81ac466d,7
2e0dba2da448400b1c11d7b4b22f32a4,7
2e7ea2aafec5835e781b21d6d1faf1f1,7
4c61e37f664c3c88aff092aa5ac779d7,7
2ff6b7bff164ef05590a52734e1296da,7
3076499bbc033a927bf4a8a41bcf7fd4,7
bc503e244f187939d10c92a5c8e378ce,7
48985c61529077fa4f1e38bcff0f2ed3,7
30c7f28fd3a5897b2c82d152bb760c17,7
312ba1d77e9c332ef21f9598b7f64cd7,7
dc7192adf8ba09569261f4a8d576afe0,7
89c127985a8b130cfa45c1d36764017a,7
de66a66f2dd06bb9ec37aa96987466a3,7
4049512728d969bec69f84088b012416,7
3faf68a3b0af94b10bac70d86077be49,7
3f9c56764fabca627406093dcb3ef0b4,7
3f9be91358837bff69df67edfa3e42e8,7
3ea00e1dea2b0659dbaf654735929220,7
51ed72984a04e5dd35c2b27e77179038,7
e70053bf73d1b5863932e53a9fa47496,7
86ff3eaef0267069cc891a2ed9d10a17,7
39d61be7a92eb77b7da367bd4845bc0e,7
3985a3c45be355a4c57fde108bfabd1c,7
e3dd723429d1b23614b7fa85e2c7a853,7
bd4431c1a8dfa744b59e1e2a8bc99b9e,7
e4ebd3f87bf70440014f07ddda7fbe03,7
fa14641f57b655e933124a9ea49cd7a5,7
e58a5b390e28abc0b216cfb0e07d27d7,7
8603f0038fe0e52fedd3382d266723de,7
35fb511489d9ee3ee27a76debce9df06,7
e603cf3fec55f8697c9059638d6c8eb5,7
37dd29b36c458d82f74a953c40c43645,7
9a1aea68d3efa00862ec88c0768037d0,7
be9a160a9011f627c3e121d076c1ec7b,7
9a03a4e9eb0b947652fae4f6121a3f5e,7
8378eb36b6b70c5734e83ad7b8cdc3b7,7
a414555ce331b8c8aea4a9cb8395194d,7
c03121937e54a93fcc1825c3098bbb6e,7
0e982cff76cc0579f632cea8a0e38c9d,7
c157bdeedcbc9a8e3c8bf0d87ff24428,7
f805b96fa705ba7995a221f1749dc141,7
112453736dbe3889cfb74e1aaa0ba0c1,7
7ecef8194babfec876ca720714327841,7
b67d6c666e8dce1d078c882825e12704,7
7daca0837f033a41a6f3428c18657533,7
13f57c12a00ed4610db646b913a7f5c6,7
7d7d2b7a51328016102d4528c411d630,7
94b9108d4b637ba65bb4f1e53cfcf8d8,7
c447f8dd3ed213f291d65ef074a268eb,7
15ead3a5037a918ddb520dfe39a3d2b9,7
c522be04e020c1e7b79f3acff36513d5,7
c54679b132454625907c773d273d4126,7
b7ed9fb14c8eadb37adb9c45d67ab0fb,7
78a4d36f65a019172c6154468831a69f,7
1b45169b635ef59425637e9a33eb5fb3,7
73b8eb4a9a729d4019b24ed1be748cbf,7
7354220fb240bde543b3c40c060d41e7,7
f3295428338a40977a03f555246a70f4,7
1f867308a0ce13133a4e639ff4de0c02,7
c8c1bea22194a4eefa2dc9a9fa89f536,7
c8e135e7b21ecbc36c1153a29d2f5a06,7
0951a6e282947e09cd47969f4ed0b47f,7
71271995e85f5b8530be99ed54a91b89,7
70bf57d811208f8923b41bbd499a67a4,7
20a8b0dc55da94fe74d112082427c84f,7
abbf6046bbdf1028606a5bc7f00c99e7,7
6da1992f915d77be95d7fa48b36904af,7
26bad72add1f86e08a776ce4ffdaf1ca,7
ac6417315ae5da8f9a38ee11de6f7780,7
b1204cfda1d4948679db3cfc0d3cb95c,7
28405831a29823802aa22c084cfd0649,7
6989574bd97d9773f10d232b6c07da59,7
67225bff54a172ff67579aaf583efd78,7
656591be56071d4c9ef4e5fee78a578a,7
651fe66032c9520ee5587f694908040d,7
b3b17aab11f273023a5f22ca52e1eb70,7
64b87978a11c1ea7501a89eabe8c2c1a,7
b248792ac0b60ec3f93d80af1b4fae47,7
5fd924b4836098a5be0ecf81ba054ce0,7
b274baf5bbd142410eb2958cf685d684,7
fadb07c842a2aef5d5a676b85f220e71,7
5d378b73ab7dd6f0418d743e5dcb0bd1,7
5c030029b5916fed0986310385ec9009,7
ed859002ad59dbf8cf3602696a6c3000,7
5b35136197710e16ac5e7b7c2bd4ea85,7
5acd070dd3fe441bbb2ec1f1ede515ee,7
8f2b51a30523cdecddc2f179f351c7d6,7
fe26f3ecb51a15e6d8335cd92da42562,7
d2f3e277560ed4c6361284429b00f037,7
a63bfbaa882c8f4542891b4e2246cc7f,7
2b03ac196f5ed62ac483960fe0fa3b65,7
55029529919c0123526150bd26ca8f20,7
54aa8463e87776b5612f4bdc4bd5d4de,7
fa3a0b5aabb344b9a92e3524b0202123,7
9c7fd21e0aa159b20da593371f08ff7c,7
d594982fd877af63ace38ea1fca27c76,7
d5b9a084373da994a6e37f732169a853,7
8bd0e3abda539b9479c4b44a691be1ec,7
52a52b9f656520e99716f5bc40f661c8,7
71592660bbcb6a4664e97b6f8b68babc,6
714b9a1332840f257b49f476bea4e341,6
38e6dada03429a47197d5d584d793b41,6
35857757f553273b1056c1cabdace7fb,6
52f976b17ea7f2f087f56dcc419328f6,6
ca77545ca4d2dfd1431bf61334e2fa3c,6
ca7c6bd577e559472af1c699de9e764e,6
ab3e0c171fe84a7ba7de130f19cfb485,6
52ac6f920b7280e4c6d30dd94de6259b,6
9aa388272ee334b6ae07bc73706e254a,6
e45edf75f568ed2f93f78d060e246e25,6
9140bd1d9de28b197dce077bdd687438,6
d6b664fa0667064c6d76394e7848d790,6
e439f7176d763f92de325271111b2fd5,6
3afc536624bc2e65bddfb5db33cc01f3,6
0570350b23eda5444f8d1d9544932058,6
a4b6b9b992b46e9ef863637af96e04bc,6
6e4a902d1054e4e17aa6eab87fac1c75,6
3d4b1ae7539303b5704493798893e82c,6
515d781150feed28a6ac091bb0e3cb8c,6
3dfd3dc96f7f8598eca74e9ac8a2fa31,6
8b2d4ab22f42c5cfc338b846decfda60,6
d9d43faf741ceaa8da52fdbb81d9e0e3,6
9c1c0c36cd23c20897e473901a8fb149,6
3f2af2670e104d1bcb54022274daeac5,6
0ad80de75c811326389cfb1daba7d45e,6
89ad3263c0931c47f976d7c5778e60f6,6
2ba91c7ad80ff88b23b7db823b43c233,6
2cb6eb1b7185064167657fa09f541105,6
eebb3372362aa9a46975164bed19a7e7,6
3364a91ec4d56c98e44174de954b94f6,6
6b803197e03abd5056b4313306b4f29d,6
28ea411b354f14b1a494be4e79f0ce02,6
9c3c24eca51c52b91c1de727d2a2ae06,6
8fbd63429be6d3e5e6d1a709b6464802,6
68ca56ce86830f3d31b1b7ec6a54da3e,6
6879c4d287a8dd06b11f54ea8f78e4da,6
31be790e64fc99f8ff48ec2bd18a3104,6
6824a69c9ea0313eba299dd4a2dba09a,6
6750d71153f00fc58829af2a8ef1bcf1,6
5795aebfe331fbcd02a2c4b679fb7952,6
a64e44665225d19dfc0277eeeaaccc57,6
eba88037e1dca898cd02881f67ced679,6
a5dd1946fb63ada8bcaa0c9cd8f11e22,6
52092ddbd3a58c450a4459bf051b2287,6
50770d25768b0486d89be26afca3108f,6
0307f7565ff85b299b6e5ef162b1b1a9,6
ba6ce6de456f6c11d08c17701ba5c26f,6
633ecdf879b94b5337cca303328e4a25,6
6219ba2359cfb97f2e38fd4c321eb309,6
14ee35374a7876217954b5fa08e50463,6
152ee17e4c8aaf53dac99f3462e4999b,6
edd066cd02126d7800f9b66e980e9931,6
9ed65337433adfbedefd23dd76eaa494,6
c3fe93ba3085f92855c97e57f38c8c05,6
9fc70243fb26800cba56e8f014797004,6
08ad4ac1388e4420ca531c3edfc46198,6
a67780aba9dd436e7ac0aa1f889e73ec,6
d8cf3b6a2151949f930d0252b180ec42,6
9da1ca0bef29ee170e541927a5aeabdc,6
55c96925041a14097b6a7825554f4ad5,6
c5e60e39c0f42b8e827daa13cff74afa,6
edc518ba25576a0188a0e8f2c3af186f,6
c3aad7dc65449ae90a5e9c3c6c1e78e0,6
13511db12ac61e2f89c53b72a944a60b,6
7f40d06aa0b5f1aa4f41af8c0480e2ef,6
c0f783394e37cd9c9d7f5f81141450fa,6
f8d5c7085db9a4ad2b8c1ffbeb2798c8,6
af7cdac9d9897cddead9c6b08976c642,6
2ea0861cc19e94cad86438c984c52da4,6
78744a20ee2f80ba64f6804c25def2b8,6
777a0c55737f34ffeb78010f7542ab41,6
80f2cf9abf6b5a0e5c612b5eea6646e6,6
c70a353f02429c00775a46a75fb787da,6
76c47a299e4a8fe992316a85865acbe9,6
186cdd1b2df32caa72cfb410bba768d3,6
9261d76c62caaf0b24677c2ceb7f8f20,6
a254c682cc01e119f83530446f1df9a9,6
91f5779a8731baca4809fdeade81803f,6
085f6f7e049c996695fb2074fe38d45e,6
bfd938b22bc99bce1ae60dc602889f52,6
55c26bcb609f480eb7868594245febb5,6
0873d9f8f36123f8d910f4760e788cfb,6
74871d19219c7d518d0090283e03c137,6
0e44d110fa6a54e121cb2c095a77762f,6
b586cd24c010a13916af621b0325fbba,6
ae7ab174effdead6c241e547e4ca13f0,6
f35becee938e982bd615edf8ef12bcfb,6
b29d3380981c51df13fc6fbe87e1763d,6
05feb94f19d094d4b0f9281f0b1d4c99,6
fe87f472055fbcf1d7e691c00b1560dc,6
0bfd0b434243adc5c2e1aa6baf19c6aa,6
d5c530f4884a75ae0dba9c148718d278,6
b8a0adc91af209270c2c725168eb00fd,6
bdae679a9b282249bc23b9b69dae9a99,6
d197aa8fbc64087f61984deef05f6227,6
365e4bce19bda0082c3d15d83fdb8bcd,6
5d76d80a2f5f39c891b996a1bf4c9853,6
38874e327ce94d11390b96eb42d61928,6
2bd05d410a8fd26dc4184a15f4f2f588,6
f626e15b7314c267e4429010866f70e9,5
a08692680c77d30a0b4280da5df01c5a,5
9d489893ff6af05029671b785f54b998,5
fc38b5dceee1a730fad8853453437fbd,5
9cad4b68bb993ee401a3c5aaa2bc26dd,5
b4b447d715f9ab302a188fb43d3e96b3,5
9ac4f14370b1e24ddc58be041b7f99df,5
b566ab0ef88016e00422755e305103c6,5
9853a239ab7b7ebbdc3a21248d5b8e1f,5
97e995629983723d11830a829bc2b246,5
97e4a63591ca439a2b8b7efd20e6e19e,5
94ca168e8bcb407ab85c5da308863027,5
9485a23c0430ba1d58d359391606fce6,5
b76a1f8356322f12529c37b67d5c96c2,5
b7cc6c5e001441ae8cdd5c69a480cbe4,5
fc59392d66ef99377e50356ee4f3b4e1,5
90b36c5aeb728d5504a39f435bef0c5f,5
901b460cdce0c64e471230d7f2f9f3a3,5
8fe8786ee000001ab51d030dfd4a7bf1,5
ba6b68b55fe8704377a7d43c8e5c0185,5
8fb791022c1fc8909664f48ab7dc636d,5
baa49d93c8c8841e27400a300f5d74b2,5
bb2afe2061d53c6968aa0cffa233a8ec,5
8e34331b7eedd03be4e5d965c1956225,5
8c3b533c63cca56240f94f1e3a6b18ef,5
8b87cd0d43d49b9bdf40f56229364d59,5
8b655f0855926bcb49f5835d38dfddf6,5
8a40ae794fa3f9892cee24bd5af0488b,5
bca9230d3bbb4efa51872bf605a2f1ad,5
883dd81e82754ac2c65e9790a7db8c9a,5
866558b3bccef2dbc6d29a2b5995016f,5
bdb3edbaee43a761e2d4f258dc08f348,5
bdf0d02d36a1d839d0c39c4a887cdd49,5
83b08de96980757220871b31bf6cffca,5
83353a83fd769dfafa4f21a72b15e3e5,5
bff9deb0ec77d437f3305a79cf25529e,5
8060d731897e33b5c5ae575ce1e209e1,5
7f35f9daf223da737b78738fbae4d977,5
7df1fc11cc5cbc518b39faa60cf5d67c,5
7d7866a99a8656a42c7ff6352a433410,5
7d294cf9a6a69dc6a0c3e540fff0e039,5
c42fd8e4d47dfb18ce5222f2dd7752f9,5
c4f7fee5b0db50e87766f5a4d1b1b758,5
7b8e8ec35bad4b0ef7e3963650b0a87b,5
7b7ed56ae755e2880f2b69632e839c1e,5
c53bcd3be457a342a97e39e5a9f0be22,5
7aa538dd6e114e503a2e6154ea352253,5
7a9c12e235c36247c3c81f50d6ea9cea,5
7a91bf945c6fae0779f1c61ce97fe45c,5
7994b065a7ffb14e71c6312cf87b9de2,5
079d295dcbf06ee8bb1b65ba964eb2b6,5
762fafdaa57a532ee0119731697579dd,5
75a4764c108403a7a0575140cb22287c,5
74c7dec0a384d8a05950e629bd23bde9,5
0791d9fc1e30678ecf03d3e55fa108d3,5
741f8c587cb4248ebc5b779a0e8e0e51,5
725af026f869236a8dd0ceb98564d156,5
717b78b0950b51ed00b1471d858b0edc,5
70f84699be677ec988d1fa824aef7d90,5
70125af26c2d6d4ef401a1d02ae7701f,5
6e4f5ff6b086632ba8dcb558fb10249e,5
6e13dd869aa7185f601c941423abcc8f,5
6cf476a4ca74498db55cbccdaa9dcfb6,5
6c6e3d67f969468f3bfd33f827a31222,5
6bd69102ab48df500790a8cecfc285c2,5
cd843d4cf8ef32827de0396605163ba3,5
6861de0f40cacb0602e473c51639f980,5
cf1313c6e2c01c2f4b014f97db4bcd2b,5
63b9ae557efed31d1f7687917d248a8d,5
606ce7768feac12c5e8bd58db8b08f0f,5
5f0057b677eb963672bf05dfa3f16c34,5
5def4c3732941a971cba8fdee992ede1,5
5dc203c7b84a0e71e878a179de05fb9a,5
57df9869a600bd6b7c405f2a862eccfb,5
5721089ba9214e80074f27d5a03fc0eb,5
56e361f411e38dcef17cdc2a3d99628b,5
5566627eab3fe93fd6ee08798226101a,5
54219883e72aad869adfb2a54b7bfa0f,5
53b0300ca793f9834cd69c0678d35ee8,5
534a01cc6df1e034e05c32028a291fa2,5
5236605f4d4b0b3e4df85b850393fca0,5
d79e8478eed9999493990b44955fb22e,5
4d232b78ab7ef10393dc3807d827bc0d,5
4c1c7281388a33dd06daac44f9fadbd1,5
4bcec44888b30ba9001234c534716d3f,5
49cdc90518a4f82676b38b3c1aa43ff6,5
499ec63c58e51296c9cf57edcfe1c8a8,5
46ef1a25845fc051c2998d878354810c,5
427165bf50f8ca07efc7bdc2bfcf1688,5
4221a7df464f1fe2955934e30ff3a5a1,5
41e0fa5761c886a630994a55c12087e7,5
debe6615cd90cc0c2eac2b8988e1f628,5
3d01d1c414c44b5943a09619ff3853cb,5
3cfa1358a6caa965278721344c8d76f2,5
e2a1ac9bf33e5549a2a4f834e70df2f8,5
3a4127e1ba7208ea37044c5092aae170,5
397c4d0c005b6f41f90098ac724e28cb,5
392353362d22cc2c236e1ee81ff19890,5
3903c788ded8dc03b5ebab37a2f3e9a1,5
38af8acfd46ac4a7bf754e8ca6736664,5
e819bcfade7b5d88a27325eb6cfd62c5,5
33dd941c27854f7625b968cc6195a552,5
33cbda8716511e27e556dff9d8418bf2,5
32f1bb9dfa65bc7df5c0d9d95a616be4,5
31eec405c9bb71dec8e2629a92e764fa,5
2fb25ab44bdbeae6a4d816e0d0c9d500,5
2f4b9d112bfa44a214bc6cef085d17c8,5
05e107217c7266362fd44b75b2cd4cc4,5
2b3b9ce054da76a7428df143a567b156,5
29fe9f200d3fa0c668d2aa1ec7e08dfb,5
282c7480173bb9c01dd41cc739fec010,5
270d3ef21830ad0ecf3a6c53d08a533a,5
ef9952469137ff190bacafe117f51537,5
efff9341f3f8f5237b44ff67ed36a7bf,5
f021c962aaba8ef6eb527a9c2c8394d1,5
25debeafbce801fdd479539350185eee,5
253f95b3a0e6983ae18aed49fbc2b845,5
2528744c5ef5d955adc318720a94d2e7,5
23ca5f678e0b3ea6c630b30fa8bf51ea,5
228e4c1a0be164f613d41c24345f9d2c,5
f19516b9ff26bfeb091b30108db4ddbd,5
1e8c6a4c538f286aee9573239740a4b4,5
f419677537694f0462a91990df6ca44f,5
1cd9e0cc1839d55516843def5600816d,5
1b65c144b17e607c0f37f10bb7dfec8d,5
f44bdc12aa39f5271f0b95f66cd4c289,5
180c3376aff0e43dd5788709df48a843,5
167fd940acebc789debd6eb418c46e38,5
01ed254b9ff8407dfb9d99ba1e17d923,5
11eac105f3f90a9b87b19c89d91e24f3,5
f783a638e9c6af4a7d0dbfde811e7a81,5
117cfc326c6d50da67ca858ff5c0c852,5
101a3a003516bc11253298b2fad3cb65,5
f92d8c817434bd2d84d4e9c61322b7fa,5
0c7f30ae9b147eca07affbef92832a6a,5
039e6ad9dae79614493083e241147386,5
09bad886111255c5b5030314fc7f1a4a,5
fac35d150712afb921ec59ac5f39bb11,5
09883d9ab71c8fe8a9bfc7fc3075b07e,5
acf974e4d5950ad143a247471b831eb9,5
ad87df7699e83b8a91822a4a0b765c3a,5
aae5e7b457a3c72ee230a47d98fceda5,5
adbe70ab2c97442046d393988c8d1d27,5
a806a4bb063ea7ca6d374eafa50a6058,5
a7c88262832dfc683781d6a421edefae,5
a72c2f59332659e361d647515c698798,5
b0f2a6122a90a93eb03e68653dd960e3,5
a37c340b91cb0169e8b029db6440fba2,5
5145090ab595c0d0b8557199f5701fbf,4
d8d9567d0bfb0bc7eb845a205ba42657,4
d7b2377bae6ace1b11fc69a11900ac36,4
5275ca25d0358ca73864e0ae41be1320,4
52a50b42accf164f9f019941e5759d9b,4
2b5ed0c9139dae8883a200dfcb272ece,4
b37c4c02bda3161a7546a4e6d222d5b2,4
556a6409838156ea299c9d1f9e2dde43,4
ed46f1eb4a638113deb2a1137b5f22e9,4
fc908879b9ca1bd65419e54e50432d38,4
5b97c06a046398e7005b2b7c0d707a92,4
29e6e05b65f93bc224c644319dc52ecf,4
0743a0239d764b9a0f959a57d07e36ab,4
5f06030071324cc52bf0304014ac7234,4
61b18775be84fb700a6b2d0ba097bf66,4
661ad5fcc28cdfb8bcadb12bb2272475,4
28fb0829fd777877cdc350d25cb5bd5b,4
698f5fa55a5f73d0740e9d9a773e8093,4
6bb62a4912377c7bfe7cb17b406bc7e6,4
eec3469d83e142f9a104886655338c37,4
6bd503a8230299c9316fb0f726933927,4
902c99f1ac505c0d18778b61bcd636f7,4
6c17baf138731a4aaacc3210adf2037b,4
6c1b6d0c604b776f844125f911eb7377,4
a4bd6e9adf39b63f43dc545d3ca1f53d,4
26e13b6ff5b641b329e5524241ee2c93,4
b98b715fe9e276204e2a3464f48cd796,4
6d1b9c9579132c87d2703ec38c30f2c5,4
ab9db4cf53b08b828b64dccaafc2d9f0,4
269cff2d3c8d205c11f37a52402ea93b,4
91543f9849d68d023e17194926598543,4
9cf787a239c1aa29dbd76f153dc13f9a,4
25be943a321c8938947bdaabca979a90,4
08cdbae123ff67ca4e36d9d641ce0119,4
a9b533a26e898b12e8b8d4c07279bf4d,4
2493dc3f20131696a0ecdb9948051a8d,4
9dc79dd988ac42f4d56c340d7048420a,4
cb5ff1b9715e99589f3e0c7a6afab9e3,4
22c32ec35d0116ef02c281798a25bf8b,4
a080fc8a850289b27500f6b49cca2553,4
a13aaf2d2886ab9fb30fb9a920160b8f,4
6f1a1263039c76e68f40a8e536b1da6a,4
21c62b998a043ebe31161d38f84929fc,4
700f03c207639c22d933381ff60b35c2,4
713e3a23ca5e47786eb6f0d99f94cfac,4
c9e5ad1f6647f5dbd1172adf6ae3cada,4
71dc18fd8cbf5fd77f45dd8b427abb34,4
f2336e113377dd21c744d9c4fc8293a9,4
72146da5774cabf2632faedcae097a76,4
72c38a04bd6a1c3dbc5298425a0db86d,4
aded58c8142dedc5494a81f948431fab,4
ff82e8873fba613f2261a9acc896fd84,4
c8660dcf9ba70575f45d80fe28c27713,4
052577151711aec5c744fe12e66db3e1,4
7402d13c03a7e91366337cd1de471144,4
74636e24f01da9268b0ed88dacd8513e,4
1d2732ef8321502ee8488e8bed1ab8cd,4
1d1bbb8ac1581824986f582583fff01d,4
918717417d88a9f9ae9735567e6c7682,4
b88e7c57cb2d8b973b7dd4a2bfa14b36,4
077c5fae4bea9500e3737b16f71b9d3a,4
929f342384a6607afe143d789ade1316,4
aeb36d67f1414f234d42a29e27cf1f17,4
c7dcd301ecfe5ab7f778ac172cf74be7,4
19e0f40a907ec568c34bfac15de4f4a1,4
c7bb64409aa480bb7d0335faaaf3d242,4
189ca3538ce9f920cacf0f982cbe223b,4
c714262700f93defc16bf17a51a4cb23,4
77714512e8d4dda9c234da8e3faf16e4,4
f4ce8ca9fa7157e3b33f536ac9a4487d,4
a0a14e50070f3225b3eabba5b85da517,4
17eea220a40cc0d2c0c5346379682398,4
939e6227d6964a11a70aa91243e418f2,4
160e4f13fd3a64b1b86807be88b5ffb0,4
08061dc0fc165ed41288cc7acde738ee,4
7c51de0ab286204ce75ff42bf7c10d92,4
c4af86330efa7a2620772227d2d670c9,4
98115075dd26cb8835946fc6086f5d30,4
c458e2045a8aa8964f8879af03fdcce6,4
7d948535954aaf8c5d39db007f74372e,4
a218df5c097b0ca409cfaac1488cc7f6,4
fce62094ffe6a4009188ec44e681dfdd,4
7e79d65b5c6f1f544b7daea036acf720,4
f650a9708fa1bab22bdd8d3a818cc415,4
131fcb0a0c9a47bba4474aacff0f14b7,4
12c2ed9cded6138cf0c75f525f565fc7,4
120476eb7a04c149d14772edaf5d9bf2,4
9b522ba7eae9e1d04082f267144583cc,4
119d1aef1b4144adba89163f6cd9f5d4,4
b45d7ebfb7378630f1bcd74b6ff86ff7,4
b01c2b7b8599b325103ebcddc67413e1,4
c26ba52cf8d2f34915f2f6b7ffa0a3f3,4
7fe21dd00d2f4943ae09525efa2fd674,4
081acf3de680d554796c9cf041be7bc2,4
10264f60a8f0a4d2f30810f5c661c673,4
b0398568231ba5e6734af1881671a317,4
0f0c984a4a955310903b6b6008660bad,4
800214c63934acd05d47e84214db8ba8,4
c0aff2da32c17759d30b22fb0af6649d,4
bf961104a38e01b9062ee026bb657dee,4
818d28f936e791926d33bcb6ee94ef79,4
0d83f8e03188682112cc0d93523705cc,4
b44dbfbf62e52125f3c15d230569ea91,4
a5bff0f43eb51f0cad7c37fac7244c8a,4
85044848b1b767db2a4a58526adef4b4,4
f9d010e39375d9c91dce3f40b73a2f84,4
a35124e2d763d7ca3fbe3b97d143200f,4
e5f9e61ceb5f523cc966e0f34095032f,4
e5d4b2b0c3bca22085f7a19a28de0c42,4
e5c84227854980f1db19a58958c551d9,4
365e445f796710c3431557e85caa25db,4
385799a1cddbd26dfeb9157356a42282,4
35ef5aa32949680f627efec3c23e705c,4
e53d5b9b29d1218281f4a907ada18626,4
e51f22821f0c12a16ad5c020cdcd55e9,4
353e21e8bf8de2722b4fae1636664b76,4
3be5841cdcc46de4ed3f9116f104b2c5,4
e73bf2cea7fe4b0b4d287a7568ed1099,4
3bfba5a77604f6dfae7e6dd7aaf65821,4
34a557286ead8fe75c989e0afcf7d98c,4
02b72cdeb9cfcc429f1af6f4e3f3b737,4
bd4ff04377f974574f7f0bf9d6ce7dde,4
340636a908b13bbe0f4fb63fbe1d0c03,4
df47da4ae86fa4db890d05aaf24e21d8,4
86bf77bdb52e615674772d5817c6212f,4
bd0a1b0aadca9a83d9304f7e8ff5fbd5,4
33ab10be054370c254ddfcf0a6253422,4
4170f6a9367e6b5d6401d03ce6d54569,4
43402bdf22aa2310e8f99e2f94f78628,4
44f091b5abab8018f682fce8124b85e5,4
dd4d95ba2d15c071e6c695e2ef6ce169,4
8d899e15a5925f097cca50faa49b15e3,4
fec8cd45395b3cb0c2b173d7739706a1,4
0aa2205ca24f113f4658a5c536667426,4
45c20d94d9171b0bcfab3c955e47d67b,4
dc64d75cc406bb0697be983831430e60,4
e9729944ba65dc3ce425e0c5a22ae7b2,4
dc50afafdfa325eadc890c7fa42a8f4e,4
4a82168aaef173cbb6e46ae88728f919,4
dbbcfe2c8d026742134ac3e28ccde274,4
9cea4682e16655f7da87f406902e989e,4
8dfbc5ff27df12f6cef751d3b9554222,4
e9e446d01bd10a97a8ffcfc4a3a20cb2,4
4b39558c138930b9e5489c93b6df5fe3,4
4c8545742faaf58fafd5fd14d25d75cf,4
da03c298e3999e9d828591fc2179d109,4
4dbd95a08b31ede5c82d3f861cb1ce1a,4
4dc646b9b9e8e411ef48ba000ea3ac6f,4
2dd1fb6f0e42a2243b8a01e40cd41216,4
a53f60f05f822b5c621a50ff6a5cb362,4
05730013efda596306417c3b09302475,4
4deebb3199eeafb282ae33229144f94b,4
0692610d8abe24f287e9fae90ea0bbee,4
4e85b538b0dad58852641540686d0e14,4
4ea2f12dbe91deeacd2c1e74f069a6e6,4
